title,artist,genre,tempo,mood_tags,combined_features
Kutu Ma Kutu,"Rajan Raj Shiwakoti, Melina Rai",Pop,120,"Happy,Celebratory",rajanrajshiwakoti melinarai pop 120 happy celebratory
Sali Mann Paryo,"Kali Prasad Baskota, Ashmita Adhikari",Pop,115,"Happy,Romantic",kaliprasadbaskota ashmitaadhikari pop 115 happy romantic
Maya Birani,"Mahesh Kafle, Melina Rai",Pop,110,"Romantic,Calm",maheshkafle melinarai pop 110 romantic calm
Phul Butte Sari,"Rajan Raj Shiwakoti, Milan Newar",Folk,105,"Happy,Celebratory",rajanrajshiwakoti milannewar folk 105 happy celebratory
Kasari Kasari 2,"Tanka Budhathoki, Melina Rai",Pop,100,"Romantic,Sad",tankabudhathoki melinarai pop 100 romantic sad
Nacha Firiri,"Mahesh Kafle, Melina Rai",Folk,110,"Nostalgic,Happy",maheshkafle melinarai folk 110 nostalgic happy
Gojima Daam Chaina,"Rajan Raj Shiwakoti, Melina Rai",Pop,125,"Happy,Uplifting",rajanrajshiwakoti melinarai pop 125 happy uplifting
Salko Pat Ko Tapari,"Bishnu Majhi, Kulendra BC",Folk,115,"Happy,Traditional",bishnumajhi kulendrabc folk 115 happy traditional
Lajalu Mayalu,"Urgen Dong, Anu Chaudhary",Pop,110,"Romantic,Happy",urgendong anuchaudhary pop 110 romantic happy
Chamak Chamak,Santosh Sunar,Pop,120,"Happy,Energetic",santoshsunar pop 120 happy energetic
Hamro Yo Maya Nachutos,"Urgen Dong, Benisha Poudel",Pop,105,"Romantic,Calm",urgendong benishapoudel pop 105 romantic calm
Darshan Salam,"Deepak Raj Giri, Swastima Khadka",Pop,115,"Happy,Celebratory",deepakrajgiri swastimakhadka pop 115 happy celebratory
Meri Champa,Tanka Timilsina,Folk,110,"Romantic,Nostalgic",tankatimilsina folk 110 romantic nostalgic
Chhunumunu Chhunumunu,Ashish Aviral,Pop,120,"Happy,Uplifting",ashishaviral pop 120 happy uplifting
Keshari,SD Yogi,Pop,115,"Energetic,Romantic",sdyogi pop 115 energetic romantic
Fulai Ful Dinchhu Ki,Shiva Pariyar,Pop,100,"Romantic,Sad",shivapariyar pop 100 romantic sad
Rupai Mohani,Tanka Budathoki,Pop,110,"Happy,Romantic",tankabudathoki pop 110 happy romantic
Parana Parana,Pushpan Pradhan,Pop,105,"Romantic,Calm",pushpanpradhan pop 105 romantic calm
Pahilo Number Ma,"David Shanker, Bindu Pariyar",Pop,120,"Happy,Energetic",davidshanker bindupariyar pop 120 happy energetic
Pirim Nalaune,"Melina Rai, Ashish Sachin",Pop,115,"Romantic,Sad",melinarai ashishsachin pop 115 romantic sad
Maya Luki Luki,Biraj Gautam,Pop,110,"Romantic,Happy",birajgautam pop 110 romantic happy
Resham Firiri,Narayan Gopal,Folk,110,"Nostalgic,Calm",narayangopal folk 110 nostalgic calm
Lolayeka Ti Thula,Ghulam Ali,Classical,90,"Sad,Melancholic",ghulamali classical 90 sad melancholic
Phool Lai Sodhei,Aruna Lama,Classical,85,"Sad,Romantic",arunalama classical 85 sad romantic
Marna Baru Garho Hunna,Phatteman Rajbhandari,Classical,80,"Sad,Melancholic",phattemanrajbhandari classical 80 sad melancholic
Mutu Jali Rahechha,Bhakta Raj Acharya,Classical,85,"Sad,Melancholic",bhaktarajacharya classical 85 sad melancholic
Mero Pau Ma,"Gopal Yonjan, Meera Rana",Classical,100,"Calm,Traditional",gopalyonjan meerarana classical 100 calm traditional
Ritu Haru Ma Timi,Arun Thapa,Pop,95,"Romantic,Sad",arunthapa pop 95 romantic sad
Lajjawati Jhar,"Mahesh Kafle, Asmita Adhikari",Pop,105,"Romantic,Happy",maheshkafle asmitaadhikari pop 105 romantic happy
Chhati Chirera,Pramod Kharel,Pop,100,"Sad,Melancholic",pramodkharel pop 100 sad melancholic
Chharka Dheba,"Kuma Sagar, Kwopaa Band",Folk/Contemporary Folk,105,"Cultural,Reflective",kumasagar kwopaaband folk/contemporary folk 105 cultural reflective
Jun Tara Ma Timi,Mr PK Beats,Rap‑Pop Fusion,110,"Energetic,Modern",mrpkbeats rap‑pop fusion 110 energetic modern
Timile Reteu Manko Tar,"Salon Basnet, Malika Mahat",Movie‑Pop,115,"Romantic,Melodic",salonbasnet malikamahat movie‑pop 115 romantic melodic
LAST CHAWAK CHHA YAR,Saugat Malla,Pop/Ballad,100,"Emotional,Story‑driven",saugatmalla pop/ballad 100 emotional story‑driven
Dushman Hereko Herai,Durgesh Thapa,Pop,120,"Patriotic,Motivational",durgeshthapa pop 120 patriotic motivational
Behuli,Sajjan Raj Vaidya,Acoustic Pop,90,"Calm,Emotional",sajjanrajvaidya acoustic pop 90 calm emotional
Bardali,Sushant KC,Pop,110,"Smooth,Romantic",sushantkc pop 110 smooth romantic
Aankha Aankha Bichma,Ekdev Limbu,Folk/Pop,110,"Mellow,Emotional",ekdevlimbu folk/pop 110 mellow emotional
Radha,"Swoopna Suman, Abhigya Ghimire",Pop,115,"Romantic,Melodic",swoopnasuman abhigyaghimire pop 115 romantic melodic
Jun Na Heri,"Wangden Sherpa, Sushant Ghimire",Pop,115,"Uplifting,Heartfelt",wangdensherpa sushantghimire pop 115 uplifting heartfelt
Changaa Chait,Sushant KC,Pop,120,"Happy,Uplifting",sushantkc pop 120 happy uplifting
Timro Muskan,Swoopna Suman,Pop,125,"Happy,Romantic",swoopnasuman pop 125 happy romantic
Maya Ko Baato,Sajjan Raj Vaidya,Indie,85,"Sad,Romantic",sajjanrajvaidya indie 85 sad romantic
Kaha Janchau,Nepathya,Rock,140,"Energetic,Inspirational",nepathya rock 140 energetic inspirational
Himal Ko Kakh,Kutumba,Instrumental,100,"Calm,Traditional",kutumba instrumental 100 calm traditional
Bichhod Ko Pida,Rajesh Payal Rai,Pop,80,"Sad,Melancholic",rajeshpayalrai pop 80 sad melancholic
Naachideu,VTEN,Rap,95,"Energetic,Rebellious",vten rap 95 energetic rebellious
Timro Saath,Yabesh Thapa,Indie,90,"Romantic,Calm",yabeshthapa indie 90 romantic calm
Pahad Ko Chiso,Tribal Rain,Folk,110,"Nostalgic,Calm",tribalrain folk 110 nostalgic calm
Dil Ko Kura,Samir Shrestha,Pop,115,"Romantic,Happy",samirshrestha pop 115 romantic happy
Juneli Raat,Oasis Thapa,Indie,100,"Calm,Romantic",oasisthapa indie 100 calm romantic
Sapana Haru,Shanti Shree Pariyar,Pop,105,"Sad,Dreamy",shantishreepariyar pop 105 sad dreamy
Mero Man,Asmita Adhikari,Pop,110,"Romantic,Happy",asmitaadhikari pop 110 romantic happy
Chokho Maya,Eleena Chauhan,Pop,115,"Romantic,Uplifting",eleenachauhan pop 115 romantic uplifting
Saath Diu,Mahesh Kafle,Pop,120,"Happy,Romantic",maheshkafle pop 120 happy romantic
Birami Maya,Brijesh Shrestha,Indie,90,"Sad,Romantic",brijeshshrestha indie 90 sad romantic
Gaun Ko Thito,Khem Century,Folk,115,"Happy,Traditional",khemcentury folk 115 happy traditional
Raat Ko Sapana,Kali Prasad Baskota,Pop,100,"Calm,Dreamy",kaliprasadbaskota pop 100 calm dreamy
Timilai Dekhda,Ashish Aviral,Pop,110,"Happy,Romantic",ashishaviral pop 110 happy romantic
Mero Geet,Purna Rai,Pop,105,"Happy,Uplifting",purnarai pop 105 happy uplifting
Hamro Nepal,Yodda,Rap,100,"Energetic,Patriotic",yodda rap 100 energetic patriotic
Timro Yaad,Chirag Khadka,Indie,85,"Sad,Melancholic",chiragkhadka indie 85 sad melancholic
Maya Ko Kahani,Nawaj Ansari,Pop,115,"Romantic,Happy",nawajansari pop 115 romantic happy
Phool Ko Sugandha,Sugam Pokhrel,Pop,110,"Calm,Romantic",sugampokhrel pop 110 calm romantic
Jindagi Ko Mod,Nabin K Bhattarai,Pop,100,"Sad,Introspective",nabinkbhattarai pop 100 sad introspective
Timro Lagi,Karma Band,Rock,130,"Energetic,Romantic",karmaband rock 130 energetic romantic
Saanjha Ko Bela,The Uglyz,Pop,105,"Calm,Romantic",theuglyz pop 105 calm romantic
Mero Desh,Prem Dhoj Pradhan,Folk,110,"Nostalgic,Patriotic",premdhojpradhan folk 110 nostalgic patriotic
Hridaya Ko Dhadkan,Himali Gurung,Pop,115,"Happy,Romantic",himaligurung pop 115 happy romantic
Timro Aankha,Ravi Thapa,Pop,100,"Romantic,Calm",ravithapa pop 100 romantic calm
Pahilo Maya,Sita Magar,Pop,110,"Romantic,Happy",sitamagar pop 110 romantic happy
Chiso Hawa,Aarush Shrestha,Indie,90,"Sad,Calm",aarushshrestha indie 90 sad calm
Man Ko Kura,Nisha Tamang,Pop,105,"Romantic,Sad",nishatamang pop 105 romantic sad
Geet Ko Lahar,Bijay Lama,Pop,115,"Happy,Uplifting",bijaylama pop 115 happy uplifting
Timro Muskan 2,Suman Rai,Pop,120,"Happy,Romantic",sumanrai pop 120 happy romantic
Jivan Ko Rang,Anita Chhetri,Pop,110,"Happy,Inspirational",anitachhetri pop 110 happy inspirational
Maya Ko Duri,Prabin Gurung,Indie,85,"Sad,Romantic",prabingurung indie 85 sad romantic
Timro Saath Ma,Lila Bhattarai,Pop,105,"Romantic,Calm",lilabhattarai pop 105 romantic calm
Kusume Rumal,Narayan Gopal,Folk,110,"Nostalgic,Romantic",narayangopal folk 110 nostalgic romantic
Timilai Samjhi,Phatteman Rajbhandari,Classical,90,"Sad,Melancholic",phattemanrajbhandari classical 90 sad melancholic
Aankha Ko Nani,Aruna Lama,Classical,85,"Sad,Romantic",arunalama classical 85 sad romantic
Mero Jivan,Bhakta Raj Acharya,Classical,80,"Sad,Introspective",bhaktarajacharya classical 80 sad introspective
Dil Ko Bhaka,Gopal Yonjan,Classical,95,"Calm,Traditional",gopalyonjan classical 95 calm traditional
Timro Chhaya,Arun Thapa,Pop,100,"Romantic,Sad",arunthapa pop 100 romantic sad
Man Ko Bhawana,Tanka Budhathoki,Pop,110,"Romantic,Happy",tankabudhathoki pop 110 romantic happy
Timro Lagi Geet,Melina Rai,Pop,115,"Romantic,Uplifting",melinarai pop 115 romantic uplifting
Pahad Ko Suseli,Bishnu Majhi,Folk,105,"Nostalgic,Happy",bishnumajhi folk 105 nostalgic happy
Chhati Ko Dukh,Pramod Kharel,Pop,100,"Sad,Melancholic",pramodkharel pop 100 sad melancholic
Timro Muskurahat,Swoopna Suman,Pop,120,"Happy,Romantic",swoopnasuman pop 120 happy romantic
Maya Ko Jadoo,Sushant KC,Pop,115,"Happy,Uplifting",sushantkc pop 115 happy uplifting
Saat Rang,Sajjan Raj Vaidya,Indie,90,"Romantic,Introspective",sajjanrajvaidya indie 90 romantic introspective
Timro Bato,Nepathya,Rock,135,"Energetic,Inspirational",nepathya rock 135 energetic inspirational
Dil Ko Maya,Yabesh Thapa,Indie,85,"Sad,Romantic",yabeshthapa indie 85 sad romantic
Chiso Chiso Hawa,Oasis Thapa,Indie,95,"Calm,Romantic",oasisthapa indie 95 calm romantic
Man Ko Dukh,Rajesh Payal Rai,Pop,100,"Sad,Melancholic",rajeshpayalrai pop 100 sad melancholic
Timro Lagi Dil,Sushant KC,Pop,120,"Happy,Romantic",sushantkc pop 120 happy romantic
Hamro Geet,VTEN,Rap,100,"Energetic,Rebellious",vten rap 100 energetic rebellious
Pahilo Bhet,Samir Shrestha,Pop,110,"Romantic,Happy",samirshrestha pop 110 romantic happy
Timro Muskan Ma,Shanti Shree Pariyar,Pop,115,"Happy,Romantic",shantishreepariyar pop 115 happy romantic
Jivan Ko Safar,Asmita Adhikari,Pop,105,"Sad,Introspective",asmitaadhikari pop 105 sad introspective
Maya Ko Chhaya,Eleena Chauhan,Pop,110,"Romantic,Calm",eleenachauhan pop 110 romantic calm
Timilai Bhetne,Mahesh Kafle,Pop,115,"Happy,Romantic",maheshkafle pop 115 happy romantic
Chhati Ko Kura,Brijesh Shrestha,Indie,90,"Sad,Romantic",brijeshshrestha indie 90 sad romantic
Gaun Ko Kahani,Khem Century,Folk,110,"Nostalgic,Happy",khemcentury folk 110 nostalgic happy
Raat Ko Tara,Kali Prasad Baskota,Pop,105,"Calm,Dreamy",kaliprasadbaskota pop 105 calm dreamy
Timro Sapana,Ashish Aviral,Pop,110,"Romantic,Happy",ashishaviral pop 110 romantic happy
Mero Maya Timilai,Purna Rai,Pop,115,"Romantic,Uplifting",purnarai pop 115 romantic uplifting
Desh Ko Geet,Yodda,Rap,95,"Energetic,Patriotic",yodda rap 95 energetic patriotic
Timro Yaad Ma,Chirag Khadka,Indie,85,"Sad,Melancholic",chiragkhadka indie 85 sad melancholic
Maya Ko Sapana,Nawaj Ansari,Pop,110,"Romantic,Happy",nawajansari pop 110 romantic happy
Phool Ko Rang,Sugam Pokhrel,Pop,105,"Calm,Romantic",sugampokhrel pop 105 calm romantic
Jivan Ko Geet,Nabin K Bhattarai,Pop,100,"Sad,Introspective",nabinkbhattarai pop 100 sad introspective
Timro Saath Liyera,Karma Band,Rock,130,"Energetic,Romantic",karmaband rock 130 energetic romantic
Saanjha Ko Chhaya,The Uglyz,Pop,105,"Calm,Romantic",theuglyz pop 105 calm romantic
Mero Desh Ko Maya,Prem Dhoj Pradhan,Folk,110,"Nostalgic,Patriotic",premdhojpradhan folk 110 nostalgic patriotic
Timro Hridaya,Himali Gurung,Pop,115,"Happy,Romantic",himaligurung pop 115 happy romantic
Aankha Ko Tara,Ravi Thapa,Pop,100,"Romantic,Calm",ravithapa pop 100 romantic calm
Pahilo Prem,Sita Magar,Pop,110,"Romantic,Happy",sitamagar pop 110 romantic happy
Chiso Man,Aarush Shrestha,Indie,90,"Sad,Calm",aarushshrestha indie 90 sad calm
Man Ko Bhaw,Nisha Tamang,Pop,105,"Romantic,Sad",nishatamang pop 105 romantic sad
Geet Ko Lahar Ma,Bijay Lama,Pop,115,"Happy,Uplifting",bijaylama pop 115 happy uplifting
Timro Muskan 3,Suman Rai,Pop,120,"Happy,Romantic",sumanrai pop 120 happy romantic
Jivan Ko Sugandha,Anita Chhetri,Pop,110,"Happy,Inspirational",anitachhetri pop 110 happy inspirational
Maya Ko Duri Ma,Prabin Gurung,Indie,85,"Sad,Romantic",prabingurung indie 85 sad romantic
Timro Saath Ko,Lila Bhattarai,Pop,105,"Romantic,Calm",lilabhattarai pop 105 romantic calm
Timilai Samjhera,Narayan Gopal,Folk,110,"Nostalgic,Romantic",narayangopal folk 110 nostalgic romantic
Man Ko Aanshu,Phatteman Rajbhandari,Classical,90,"Sad,Melancholic",phattemanrajbhandari classical 90 sad melancholic
Aankha Ko Sapana,Aruna Lama,Classical,85,"Sad,Romantic",arunalama classical 85 sad romantic
Mero Jivan Ko,Bhakta Raj Acharya,Classical,80,"Sad,Introspective",bhaktarajacharya classical 80 sad introspective
Dil Ko Dhadkan,Gopal Yonjan,Classical,95,"Calm,Traditional",gopalyonjan classical 95 calm traditional
Timro Maya Ko,Arun Thapa,Pop,100,"Romantic,Sad",arunthapa pop 100 romantic sad
Man Ko Kura Ma,Tanka Budhathoki,Pop,110,"Romantic,Happy",tankabudhathoki pop 110 romantic happy
Timro Lagi Maya,Melina Rai,Pop,115,"Romantic,Uplifting",melinarai pop 115 romantic uplifting
Pahad Ko Geet,Bishnu Majhi,Folk,105,"Nostalgic,Happy",bishnumajhi folk 105 nostalgic happy
Chhati Ko Maya,Pramod Kharel,Pop,100,"Sad,Melancholic",pramodkharel pop 100 sad melancholic
Timro Muskurahat Ma,Swoopna Suman,Pop,120,"Happy,Romantic",swoopnasuman pop 120 happy romantic
Maya Ko Jadoo Ma,Sushant KC,Pop,115,"Happy,Uplifting",sushantkc pop 115 happy uplifting
Timro Saath Bina,Sajjan Raj Vaidya,Indie,90,"Sad,Romantic",sajjanrajvaidya indie 90 sad romantic
Man Ko Suseli,Nepathya,Rock,135,"Energetic,Inspirational",nepathya rock 135 energetic inspirational
Mai Chori Sundari,Bharati Upadhya,Folk,110,"Happy,Traditional",bharatiupadhya folk 110 happy traditional
Rajamati Kumati,Prem Dhoj Pradhan,Classical,90,"Nostalgic,Traditional",premdhojpradhan classical 90 nostalgic traditional
Mathi Mathi Sailunge Ma,Kunti Moktan,Folk,105,"Nostalgic,Celebratory",kuntimoktan folk 105 nostalgic celebratory
Choli Ramro Palpali Dhaka Ko,Kunti Moktan,Folk,115,"Happy,Traditional",kuntimoktan folk 115 happy traditional
Maya Ko Dori Le,Deepak Bajracharya,Pop,120,"Happy,Romantic",deepakbajracharya pop 120 happy romantic
Oh Amira,Deepak Bajracharya,Pop,125,"Energetic,Romantic",deepakbajracharya pop 125 energetic romantic
Ritu,Deepak Bajracharya,Pop,110,"Romantic,Calm",deepakbajracharya pop 110 romantic calm
Allare,Deepak Bajracharya,Pop,115,"Happy,Energetic",deepakbajracharya pop 115 happy energetic
Man Magan,Deepak Bajracharya,Pop,120,"Happy,Uplifting",deepakbajracharya pop 120 happy uplifting
Lahana Le Jurayoki,Yama Buddha,Rap,100,"Energetic,Rebellious",yamabuddha rap 100 energetic rebellious
Farki Farki,Albatross,Rock,135,"Energetic,Nostalgic",albatross rock 135 energetic nostalgic
Dashain Aayo,Sugam Pokhrel,Folk,110,"Happy,Celebratory",sugampokhrel folk 110 happy celebratory
Timro Lagi Jaan,Swoopna Suman,Pop,115,"Romantic,Happy",swoopnasuman pop 115 romantic happy
Mero Man Ko Kura,Sajjan Raj Vaidya,Indie,90,"Sad,Romantic",sajjanrajvaidya indie 90 sad romantic
Pahilo Nazarma,Oasis Thapa,Indie,95,"Romantic,Calm",oasisthapa indie 95 romantic calm
Timro Bina,Yabesh Thapa,Indie,85,"Sad,Romantic",yabeshthapa indie 85 sad romantic
Geet Haru,Samir Shrestha,Pop,110,"Happy,Romantic",samirshrestha pop 110 happy romantic
Maya Ko Sapna,Shanti Shree Pariyar,Pop,105,"Romantic,Dreamy",shantishreepariyar pop 105 romantic dreamy
Timro Chhaya Ma,Asmita Adhikari,Pop,110,"Romantic,Calm",asmitaadhikari pop 110 romantic calm
Dil Ko Baat,Eleena Chauhan,Pop,115,"Happy,Romantic",eleenachauhan pop 115 happy romantic
Timilai Maya Garchu,Mahesh Kafle,Pop,120,"Happy,Romantic",maheshkafle pop 120 happy romantic
Man Ko Pida,Brijesh Shrestha,Indie,90,"Sad,Melancholic",brijeshshrestha indie 90 sad melancholic
Gaun Ko Suseli,Khem Century,Folk,105,"Nostalgic,Happy",khemcentury folk 105 nostalgic happy
Saanjha Ko Tara,Kali Prasad Baskota,Pop,105,"Calm,Dreamy",kaliprasadbaskota pop 105 calm dreamy
Timro Muskan Ko Lagi,Ashish Aviral,Pop,110,"Happy,Romantic",ashishaviral pop 110 happy romantic
Mero Jivan Ko Maya,Purna Rai,Pop,115,"Romantic,Uplifting",purnarai pop 115 romantic uplifting
Desh Ko Dhadkan,Yodda,Rap,95,"Energetic,Patriotic",yodda rap 95 energetic patriotic
Timro Yaad Ko Chhaya,Chirag Khadka,Indie,85,"Sad,Melancholic",chiragkhadka indie 85 sad melancholic
Maya Ko Geet,Nawaj Ansari,Pop,110,"Romantic,Happy",nawajansari pop 110 romantic happy
Phool Ko Maya,Sugam Pokhrel,Pop,105,"Calm,Romantic",sugampokhrel pop 105 calm romantic
Jivan Ko Kahani,Nabin K Bhattarai,Pop,100,"Sad,Introspective",nabinkbhattarai pop 100 sad introspective
Timro Saath Ko Maya,Karma Band,Rock,130,"Energetic,Romantic",karmaband rock 130 energetic romantic
Saanjha Ko Suseli,The Uglyz,Pop,105,"Calm,Romantic",theuglyz pop 105 calm romantic
Mero Desh Ko Geet,Prem Dhoj Pradhan,Folk,110,"Nostalgic,Patriotic",premdhojpradhan folk 110 nostalgic patriotic
Timro Hridaya Ma,Himali Gurung,Pop,115,"Happy,Romantic",himaligurung pop 115 happy romantic
Aankha Ko Kiran,Ravi Thapa,Pop,100,"Romantic,Calm",ravithapa pop 100 romantic calm
Pahilo Prem Ko,Sita Magar,Pop,110,"Romantic,Happy",sitamagar pop 110 romantic happy
Chiso Hawa Ma,Aarush Shrestha,Indie,90,"Sad,Calm",aarushshrestha indie 90 sad calm
Man Ko Geet,Nisha Tamang,Pop,105,"Romantic,Sad",nishatamang pop 105 romantic sad
Geet Ko Dhoon,Bijay Lama,Pop,115,"Happy,Uplifting",bijaylama pop 115 happy uplifting
Timro Muskan Ko Geet,Suman Rai,Pop,120,"Happy,Romantic",sumanrai pop 120 happy romantic
Jivan Ko Phool,Anita Chhetri,Pop,110,"Happy,Inspirational",anitachhetri pop 110 happy inspirational
Maya Ko Duri Ko,Prabin Gurung,Indie,85,"Sad,Romantic",prabingurung indie 85 sad romantic
Timro Saath Ko Geet,Lila Bhattarai,Pop,105,"Romantic,Calm",lilabhattarai pop 105 romantic calm
Timilai Samjhera Ko,Narayan Gopal,Folk,110,"Nostalgic,Romantic",narayangopal folk 110 nostalgic romantic
Man Ko Aanshu Ko,Phatteman Rajbhandari,Classical,90,"Sad,Melancholic",phattemanrajbhandari classical 90 sad melancholic
Aankha Ko Sapna Ko,Aruna Lama,Classical,85,"Sad,Romantic",arunalama classical 85 sad romantic
Mero Jivan Ko Geet,Bhakta Raj Acharya,Classical,80,"Sad,Introspective",bhaktarajacharya classical 80 sad introspective
Dil Ko Dhadkan Ko,Gopal Yonjan,Classical,95,"Calm,Traditional",gopalyonjan classical 95 calm traditional
Timro Maya Ko Geet,Arun Thapa,Pop,100,"Romantic,Sad",arunthapa pop 100 romantic sad
Zha Zhal Ko,Rajan Raj Shiwakoti,Folk,110,"Happy,Celebratory",rajanrajshiwakoti folk 110 happy celebratory
Jindagima Jitai Chhaina,Melina Rai,Pop,100,"Sad,Introspective",melinarai pop 100 sad introspective
Mitho Mitho,Anju Panta,Pop,115,"Romantic,Happy",anjupanta pop 115 romantic happy
Surke Thaili Khai,"Rajan Raj Shiwakoti, Anju Panta",Pop,120,"Happy,Uplifting",rajanrajshiwakoti anjupanta pop 120 happy uplifting
Paan Ko Pat,Bishnu Majhi,Folk,105,"Happy,Traditional",bishnumajhi folk 105 happy traditional
Ma Prem Ma,Swoopna Suman,Pop,110,"Romantic,Happy",swoopnasuman pop 110 romantic happy
Dhunge Bagara Maya,Khem Century,Folk,115,"Romantic,Nostalgic",khemcentury folk 115 romantic nostalgic
Parelima Lukai Rakhana,Pramod Kharel,Pop,100,"Romantic,Sad",pramodkharel pop 100 romantic sad
Sasurali Ma,Tanka Budathoki,Pop,115,"Happy,Romantic",tankabudathoki pop 115 happy romantic
Saathi,Yama Buddha,Rap,95,"Energetic,Rebellious",yamabuddha rap 95 energetic rebellious
Chot Ke Ho Byatha Ke Ho,Arun Thapa,Pop,90,"Sad,Melancholic",arunthapa pop 90 sad melancholic
Jati Maya Laae Pani,Arun Thapa,Pop,95,"Romantic,Sad",arunthapa pop 95 romantic sad
Saanjh Ko Joon Sangai,Arun Thapa,Pop,100,"Romantic,Calm",arunthapa pop 100 romantic calm
Bhulun Bhulun Lagyo Malai,Arun Thapa,Pop,95,"Sad,Melancholic",arunthapa pop 95 sad melancholic
Ma Roe Pani,Arun Thapa,Pop,90,"Sad,Introspective",arunthapa pop 90 sad introspective
Pohor Saal,Aruna Lama,Classical,85,"Sad,Nostalgic",arunalama classical 85 sad nostalgic
Eh Kaanchha Malai Soon Ko Tara,Aruna Lama,Classical,90,"Romantic,Calm",arunalama classical 90 romantic calm
Yeti Dherai,Aruna Lama,Classical,80,"Sad,Melancholic",arunalama classical 80 sad melancholic
Eklai Basda,Aruna Lama,Classical,85,"Sad,Introspective",arunalama classical 85 sad introspective
Bhettinu Chuttinu,Aruna Lama,Classical,90,"Romantic,Sad",arunalama classical 90 romantic sad
Banai Khayo Dandhelo Le,Phatteman Rajbhandari,Classical,95,"Sad,Melancholic",phattemanrajbhandari classical 95 sad melancholic
Esto Pani Hundo Raichha,Phatteman Rajbhandari,Classical,90,"Sad,Introspective",phattemanrajbhandari classical 90 sad introspective
Sannani Ko Gaalai Ma,Phatteman Rajbhandari,Classical,85,"Romantic,Calm",phattemanrajbhandari classical 85 romantic calm
Raktim,Phatteman Rajbhandari,Classical,80,"Sad,Melancholic",phattemanrajbhandari classical 80 sad melancholic
Euta Manchhe Ko,Narayan Gopal,Classical,90,"Sad,Introspective",narayangopal classical 90 sad introspective
Yeti Dherai Maya Dii,Narayan Gopal,Classical,85,"Romantic,Sad",narayangopal classical 85 romantic sad
Gaajalu Ti Thula Thula Aakha,Ghulam Ali,Classical,90,"Romantic,Sad",ghulamali classical 90 romantic sad
Kina Kina Timro Tasbir,Ghulam Ali,Classical,85,"Sad,Melancholic",ghulamali classical 85 sad melancholic
Ke Chha Ra Diu,Ghulam Ali,Classical,80,"Sad,Introspective",ghulamali classical 80 sad introspective
Ama Lai Shraddhanjali,Navneet Aditya Waiba,Folk,110,"Nostalgic,Traditional",navneetadityawaiba folk 110 nostalgic traditional
Timro Mann Ma,Sushant KC,Pop,120,"Happy,Romantic",sushantkc pop 120 happy romantic
Dil Ko Safar,Sajjan Raj Vaidya,Indie,90,"Romantic,Introspective",sajjanrajvaidya indie 90 romantic introspective
Man Ko Sapana,Yabesh Thapa,Indie,85,"Sad,Romantic",yabeshthapa indie 85 sad romantic
Timro Hridaya Ko,Oasis Thapa,Indie,95,"Romantic,Calm",oasisthapa indie 95 romantic calm
Geet Ko Maya,Samir Shrestha,Pop,110,"Happy,Romantic",samirshrestha pop 110 happy romantic
Maya Ko Lahar,Shanti Shree Pariyar,Pop,105,"Romantic,Dreamy",shantishreepariyar pop 105 romantic dreamy
Timro Chhaya Ko,Asmita Adhikari,Pop,110,"Romantic,Calm",asmitaadhikari pop 110 romantic calm
Dil Ko Geet,Eleena Chauhan,Pop,115,"Happy,Romantic",eleenachauhan pop 115 happy romantic
Timilai Maya Ko,Mahesh Kafle,Pop,120,"Happy,Romantic",maheshkafle pop 120 happy romantic
Man Ko Baat,Brijesh Shrestha,Indie,90,"Sad,Melancholic",brijeshshrestha indie 90 sad melancholic
Gaun Ko Maya,Khem Century,Folk,105,"Nostalgic,Happy",khemcentury folk 105 nostalgic happy
Saanjha Ko Geet,Kali Prasad Baskota,Pop,105,"Calm,Dreamy",kaliprasadbaskota pop 105 calm dreamy
Timro Muskan Ko Maya,Ashish Aviral,Pop,110,"Happy,Romantic",ashishaviral pop 110 happy romantic
Mero Jivan Ko Geet,Purna Rai,Pop,115,"Romantic,Uplifting",purnarai pop 115 romantic uplifting
Desh Ko Maya,Yodda,Rap,95,"Energetic,Patriotic",yodda rap 95 energetic patriotic
Timro Yaad Ko Geet,Chirag Khadka,Indie,85,"Sad,Melancholic",chiragkhadka indie 85 sad melancholic
Maya Ko Kahani Ma,Nawaj Ansari,Pop,110,"Romantic,Happy",nawajansari pop 110 romantic happy
Phool Ko Dhoon,Sugam Pokhrel,Pop,105,"Calm,Romantic",sugampokhrel pop 105 calm romantic
Jivan Ko Safar Ma,Nabin K Bhattarai,Pop,100,"Sad,Introspective",nabinkbhattarai pop 100 sad introspective
Timro Saath Ko Geet,Karma Band,Rock,130,"Energetic,Romantic",karmaband rock 130 energetic romantic
Timro Lagi Mero Maya,Anju Panta,Pop,115,"Romantic,Happy",anjupanta pop 115 romantic happy
Tihar Aayo,Sugam Pokhrel,Folk,110,"Happy,Celebratory",sugampokhrel folk 110 happy celebratory
Dil Ko Bato,VTEN,Rap,100,"Energetic,Rebellious",vten rap 100 energetic rebellious
Man Ko Kotha,Sajjan Raj Vaidya,Indie,90,"Sad,Romantic",sajjanrajvaidya indie 90 sad romantic
Pahilo Prem Ma,Yabesh Thapa,Indie,85,"Romantic,Calm",yabeshthapa indie 85 romantic calm
Timro Muskan Le,Sushant KC,Pop,120,"Happy,Romantic",sushantkc pop 120 happy romantic
Gaun Ko Chhoro,Khem Century,Folk,105,"Nostalgic,Happy",khemcentury folk 105 nostalgic happy
Maya Ko Duniya,Samir Shrestha,Pop,110,"Romantic,Happy",samirshrestha pop 110 romantic happy
Timro Saath Le,Shanti Shree Pariyar,Pop,105,"Romantic,Dreamy",shantishreepariyar pop 105 romantic dreamy
Dil Ko Chhaya,Asmita Adhikari,Pop,110,"Romantic,Calm",asmitaadhikari pop 110 romantic calm
Timilai Samjhanda,Eleena Chauhan,Pop,115,"Happy,Romantic",eleenachauhan pop 115 happy romantic
Mero Prem Ko,Mahesh Kafle,Pop,120,"Happy,Romantic",maheshkafle pop 120 happy romantic
Man Ko Dukha,Brijesh Shrestha,Indie,90,"Sad,Melancholic",brijeshshrestha indie 90 sad melancholic
Saanjha Ko Lahar,Kali Prasad Baskota,Pop,105,"Calm,Dreamy",kaliprasadbaskota pop 105 calm dreamy
Timro Maya Le,Ashish Aviral,Pop,110,"Happy,Romantic",ashishaviral pop 110 happy romantic
Mero Jivan Ko Sapana,Purna Rai,Pop,115,"Romantic,Uplifting",purnarai pop 115 romantic uplifting
Desh Ko Suseli,Yodda,Rap,95,"Energetic,Patriotic",yodda rap 95 energetic patriotic
Timro Yaad Le,Chirag Khadka,Indie,85,"Sad,Melancholic",chiragkhadka indie 85 sad melancholic
Maya Ko Baat,Nawaj Ansari,Pop,110,"Romantic,Happy",nawajansari pop 110 romantic happy
Phool Ko Geet,Sugam Pokhrel,Pop,105,"Calm,Romantic",sugampokhrel pop 105 calm romantic
Jivan Ko Dhoon,Nabin K Bhattarai,Pop,100,"Sad,Introspective",nabinkbhattarai pop 100 sad introspective
Timro Saath Ko Lahar,Karma Band,Rock,130,"Energetic,Romantic",karmaband rock 130 energetic romantic
Saanjha Ko Maya,The Uglyz,Pop,105,"Calm,Romantic",theuglyz pop 105 calm romantic
Mero Desh Ko Suseli,Prem Dhoj Pradhan,Folk,110,"Nostalgic,Patriotic",premdhojpradhan folk 110 nostalgic patriotic
Timro Hridaya Le,Himali Gurung,Pop,115,"Happy,Romantic",himaligurung pop 115 happy romantic
Aankha Ko Dhoon,Ravi Thapa,Pop,100,"Romantic,Calm",ravithapa pop 100 romantic calm
Pahilo Maya Ko,Sita Magar,Pop,110,"Romantic,Happy",sitamagar pop 110 romantic happy
Chiso Raat Ma,Aarush Shrestha,Indie,90,"Sad,Calm",aarushshrestha indie 90 sad calm
Man Ko Lahar,Nisha Tamang,Pop,105,"Romantic,Sad",nishatamang pop 105 romantic sad
Geet Ko Suseli,Bijay Lama,Pop,115,"Happy,Uplifting",bijaylama pop 115 happy uplifting
Timro Muskan Ko Dhoon,Suman Rai,Pop,120,"Happy,Romantic",sumanrai pop 120 happy romantic
Jivan Ko Chhaya,Anita Chhetri,Pop,110,"Happy,Inspirational",anitachhetri pop 110 happy inspirational
Maya Ko Sapana Ma,Prabin Gurung,Indie,85,"Sad,Romantic",prabingurung indie 85 sad romantic
Timro Saath Ko Dhoon,Lila Bhattarai,Pop,105,"Romantic,Calm",lilabhattarai pop 105 romantic calm
Timilai Samjhanda Ko,Narayan Gopal,Folk,110,"Nostalgic,Romantic",narayangopal folk 110 nostalgic romantic
Man Ko Pida Ko,Phatteman Rajbhandari,Classical,90,"Sad,Melancholic",phattemanrajbhandari classical 90 sad melancholic
Aankha Ko Maya,Aruna Lama,Classical,85,"Sad,Romantic",arunalama classical 85 sad romantic
Mero Jivan Ko Dhoon,Bhakta Raj Acharya,Classical,80,"Sad,Introspective",bhaktarajacharya classical 80 sad introspective
Dil Ko Suseli,Gopal Yonjan,Classical,95,"Calm,Traditional",gopalyonjan classical 95 calm traditional
Timro Maya Ko Dhoon,Arun Thapa,Pop,100,"Romantic,Sad",arunthapa pop 100 romantic sad
Man Ko Kura Ko,Tanka Budhathoki,Pop,110,"Romantic,Happy",tankabudhathoki pop 110 romantic happy
Timro Lagi Geet Ko,Melina Rai,Pop,115,"Romantic,Uplifting",melinarai pop 115 romantic uplifting
Pahad Ko Maya,Bishnu Majhi,Folk,105,"Nostalgic,Happy",bishnumajhi folk 105 nostalgic happy
Chhati Ko Geet,Pramod Kharel,Pop,100,"Sad,Melancholic",pramodkharel pop 100 sad melancholic
Timro Muskurahat Ko,Swoopna Suman,Pop,120,"Happy,Romantic",swoopnasuman pop 120 happy romantic
Maya Ko Jadoo Ko,Sushant KC,Pop,115,"Happy,Uplifting",sushantkc pop 115 happy uplifting
Timro Saath Bina Ko,Sajjan Raj Vaidya,Indie,90,"Sad,Romantic",sajjanrajvaidya indie 90 sad romantic
Man Ko Geet Ko,Nepathya,Rock,135,"Energetic,Inspirational",nepathya rock 135 energetic inspirational
Dil Ko Maya Ko,Oasis Thapa,Indie,95,"Romantic,Calm",oasisthapa indie 95 romantic calm
Timro Hridaya Ma Ko,Samir Shrestha,Pop,110,"Happy,Romantic",samirshrestha pop 110 happy romantic
Maya Ko Rimjhim,Anju Panta,Pop,115,"Romantic,Happy",anjupanta pop 115 romantic happy
Basanta Ko Hawa,Sugam Pokhrel,Pop,110,"Happy,Calm",sugampokhrel pop 110 happy calm
K Yo Maya Ho,VTEN,Rap,100,"Energetic,Romantic",vten rap 100 energetic romantic
Timro Man Ko Kotha,Sajjan Raj Vaidya,Indie,90,"Sad,Romantic",sajjanrajvaidya indie 90 sad romantic
Pahilo Bhet Ko,Yabesh Thapa,Indie,85,"Romantic,Calm",yabeshthapa indie 85 romantic calm
Timro Muskan Ko Jadoo,Sushant KC,Pop,120,"Happy,Romantic",sushantkc pop 120 happy romantic
Gaun Ko Dhoon,Khem Century,Folk,105,"Nostalgic,Happy",khemcentury folk 105 nostalgic happy
Maya Ko Sansar,Samir Shrestha,Pop,110,"Romantic,Happy",samirshrestha pop 110 romantic happy
Timro Saath Ko Sapana,Shanti Shree Pariyar,Pop,105,"Romantic,Dreamy",shantishreepariyar pop 105 romantic dreamy
Dil Ko Dhoon,Asmita Adhikari,Pop,110,"Romantic,Calm",asmitaadhikari pop 110 romantic calm
Timilai Samjhandai,Eleena Chauhan,Pop,115,"Happy,Romantic",eleenachauhan pop 115 happy romantic
Mero Prem Ko Geet,Mahesh Kafle,Pop,120,"Happy,Romantic",maheshkafle pop 120 happy romantic
Man Ko Chhaya Ma,Brijesh Shrestha,Indie,90,"Sad,Melancholic",brijeshshrestha indie 90 sad melancholic
Saanjha Ko Dhoon,Kali Prasad Baskota,Pop,105,"Calm,Dreamy",kaliprasadbaskota pop 105 calm dreamy
Timro Maya Ko Jadoo,Ashish Aviral,Pop,110,"Happy,Romantic",ashishaviral pop 110 happy romantic
Mero Jivan Ko Lahar,Purna Rai,Pop,115,"Romantic,Uplifting",purnarai pop 115 romantic uplifting
Desh Ko Geet Ko,Yodda,Rap,95,"Energetic,Patriotic",yodda rap 95 energetic patriotic
Timro Yaad Ko Dhoon,Chirag Khadka,Indie,85,"Sad,Melancholic",chiragkhadka indie 85 sad melancholic
Maya Ko Sansar Ma,Nawaj Ansari,Pop,110,"Romantic,Happy",nawajansari pop 110 romantic happy
Phool Ko Lahar,Sugam Pokhrel,Pop,105,"Calm,Romantic",sugampokhrel pop 105 calm romantic
Jivan Ko Geet Ma,Nabin K Bhattarai,Pop,100,"Sad,Introspective",nabinkbhattarai pop 100 sad introspective
Timro Saath Ko Dhoon,Karma Band,Rock,130,"Energetic,Romantic",karmaband rock 130 energetic romantic
Saanjha Ko Suseli Ko,The Uglyz,Pop,105,"Calm,Romantic",theuglyz pop 105 calm romantic
Mero Desh Ko Dhoon,Prem Dhoj Pradhan,Folk,110,"Nostalgic,Patriotic",premdhojpradhan folk 110 nostalgic patriotic
Timro Hridaya Ko Geet,Himali Gurung,Pop,115,"Happy,Romantic",himaligurung pop 115 happy romantic
Aankha Ko Lahar,Ravi Thapa,Pop,100,"Romantic,Calm",ravithapa pop 100 romantic calm
Pahilo Maya Ko Geet,Sita Magar,Pop,110,"Romantic,Happy",sitamagar pop 110 romantic happy
Chiso Raat Ko,Aarush Shrestha,Indie,90,"Sad,Calm",aarushshrestha indie 90 sad calm
Man Ko Suseli Ko,Nisha Tamang,Pop,105,"Romantic,Sad",nishatamang pop 105 romantic sad
Geet Ko Maya Ko,Bijay Lama,Pop,115,"Happy,Uplifting",bijaylama pop 115 happy uplifting
Timro Muskan Ko Lahar,Suman Rai,Pop,120,"Happy,Romantic",sumanrai pop 120 happy romantic
Jivan Ko Dhoon Ko,Anita Chhetri,Pop,110,"Happy,Inspirational",anitachhetri pop 110 happy inspirational
Maya Ko Lahar Ma,Prabin Gurung,Indie,85,"Sad,Romantic",prabingurung indie 85 sad romantic
Timro Saath Ko Maya Ko,Lila Bhattarai,Pop,105,"Romantic,Calm",lilabhattarai pop 105 romantic calm
Timilai Samjhanda Ma,Narayan Gopal,Folk,110,"Nostalgic,Romantic",narayangopal folk 110 nostalgic romantic
Man Ko Dukha Ko,Phatteman Rajbhandari,Classical,90,"Sad,Melancholic",phattemanrajbhandari classical 90 sad melancholic
Aankha Ko Geet,Aruna Lama,Classical,85,"Sad,Romantic",arunalama classical 85 sad romantic
Mero Jivan Ko Suseli,Bhakta Raj Acharya,Classical,80,"Sad,Introspective",bhaktarajacharya classical 80 sad introspective
Dil Ko Lahar,Gopal Yonjan,Classical,95,"Calm,Traditional",gopalyonjan classical 95 calm traditional
Timro Maya Ko Lahar,Arun Thapa,Pop,100,"Romantic,Sad",arunthapa pop 100 romantic sad
Man Ko Geet Ma,Tanka Budhathoki,Pop,110,"Romantic,Happy",tankabudhathoki pop 110 romantic happy
Timro Lagi Suseli,Melina Rai,Pop,115,"Romantic,Uplifting",melinarai pop 115 romantic uplifting
Pahad Ko Dhoon,Bishnu Majhi,Folk,105,"Nostalgic,Happy",bishnumajhi folk 105 nostalgic happy
Chhati Ko Suseli,Pramod Kharel,Pop,100,"Sad,Melancholic",pramodkharel pop 100 sad melancholic
Timro Muskurahat Ko Geet,Swoopna Suman,Pop,120,"Happy,Romantic",swoopnasuman pop 120 happy romantic
Maya Ko Suseli Ko,Sushant KC,Pop,115,"Happy,Uplifting",sushantkc pop 115 happy uplifting
Timro Saath Bina Ma,Sajjan Raj Vaidya,Indie,90,"Sad,Romantic",sajjanrajvaidya indie 90 sad romantic
Man Ko Dhoon Ko,Nepathya,Rock,135,"Energetic,Inspirational",nepathya rock 135 energetic inspirational
Dil Ko Geet Ko,Oasis Thapa,Indie,95,"Romantic,Calm",oasisthapa indie 95 romantic calm
Timro Hridaya Ko Lahar,Samir Shrestha,Pop,110,"Happy,Romantic",samirshrestha pop 110 happy romantic
Maya Ko Baato Ma,Anju Panta,Pop,115,"Romantic,Happy",anjupanta pop 115 romantic happy
Dashain Ko Geet,Sugam Pokhrel,Folk,110,"Happy,Celebratory",sugampokhrel folk 110 happy celebratory
Hip Hop Ko Duniya,VTEN,Rap,100,"Energetic,Rebellious",vten rap 100 energetic rebellious
Timro Man Ko Dhoon,Sajjan Raj Vaidya,Indie,90,"Sad,Romantic",sajjanrajvaidya indie 90 sad romantic
Pahilo Prem Ko Sapana,Yabesh Thapa,Indie,85,"Romantic,Calm",yabeshthapa indie 85 romantic calm
Timro Muskan Ko Geet,Sushant KC,Pop,120,"Happy,Romantic",sushantkc pop 120 happy romantic
Gaun Ko Suseli Ma,Khem Century,Folk,105,"Nostalgic,Happy",khemcentury folk 105 nostalgic happy
Maya Ko Jadoo Ma,Samir Shrestha,Pop,110,"Romantic,Happy",samirshrestha pop 110 romantic happy
Timro Saath Ko Geet Ma,Shanti Shree Pariyar,Pop,105,"Romantic,Dreamy",shantishreepariyar pop 105 romantic dreamy
Dil Ko Sapana Ma,Asmita Adhikari,Pop,110,"Romantic,Calm",asmitaadhikari pop 110 romantic calm
Timilai Samjhanda Ma,Eleena Chauhan,Pop,115,"Happy,Romantic",eleenachauhan pop 115 happy romantic
Mero Prem Ko Dhoon,Mahesh Kafle,Pop,120,"Happy,Romantic",maheshkafle pop 120 happy romantic
Man Ko Lahar Ma,Brijesh Shrestha,Indie,90,"Sad,Melancholic",brijeshshrestha indie 90 sad melancholic
Saanjha Ko Suseli Ma,Kali Prasad Baskota,Pop,105,"Calm,Dreamy",kaliprasadbaskota pop 105 calm dreamy
Timro Maya Ko Geet Ma,Ashish Aviral,Pop,110,"Happy,Romantic",ashishaviral pop 110 happy romantic
Mero Jivan Ko Maya Ko,Purna Rai,Pop,115,"Romantic,Uplifting",purnarai pop 115 romantic uplifting
Desh Ko Dhoon Ko,Yodda,Rap,95,"Energetic,Patriotic",yodda rap 95 energetic patriotic
Timro Yaad Ko Lahar,Chirag Khadka,Indie,85,"Sad,Melancholic",chiragkhadka indie 85 sad melancholic
Maya Ko Geet Ma,Nawaj Ansari,Pop,110,"Romantic,Happy",nawajansari pop 110 romantic happy
Phool Ko Suseli,Sugam Pokhrel,Pop,105,"Calm,Romantic",sugampokhrel pop 105 calm romantic
Jivan Ko Lahar Ko,Nabin K Bhattarai,Pop,100,"Sad,Introspective",nabinkbhattarai pop 100 sad introspective
Timro Saath Ko Suseli,Karma Band,Rock,130,"Energetic,Romantic",karmaband rock 130 energetic romantic
Saanjha Ko Geet Ma,The Uglyz,Pop,105,"Calm,Romantic",theuglyz pop 105 calm romantic
Mero Desh Ko Lahar,Prem Dhoj Pradhan,Folk,110,"Nostalgic,Patriotic",premdhojpradhan folk 110 nostalgic patriotic
Timro Hridaya Ko Dhoon,Himali Gurung,Pop,115,"Happy,Romantic",himaligurung pop 115 happy romantic
Aankha Ko Suseli,Ravi Thapa,Pop,100,"Romantic,Calm",ravithapa pop 100 romantic calm
Pahilo Maya Ko Dhoon,Sita Magar,Pop,110,"Romantic,Happy",sitamagar pop 110 romantic happy
Chiso Raat Ko Geet,Aarush Shrestha,Indie,90,"Sad,Calm",aarushshrestha indie 90 sad calm
Man Ko Maya Ko,Nisha Tamang,Pop,105,"Romantic,Sad",nishatamang pop 105 romantic sad
Geet Ko Dhoon Ma,Bijay Lama,Pop,115,"Happy,Uplifting",bijaylama pop 115 happy uplifting
Timro Muskan Ko Suseli,Suman Rai,Pop,120,"Happy,Romantic",sumanrai pop 120 happy romantic
Jivan Ko Geet Ko,Anita Chhetri,Pop,110,"Happy,Inspirational",anitachhetri pop 110 happy inspirational
Maya Ko Dhoon Ma,Prabin Gurung,Indie,85,"Sad,Romantic",prabingurung indie 85 sad romantic
Timro Saath Ko Lahar Ma,Lila Bhattarai,Pop,105,"Romantic,Calm",lilabhattarai pop 105 romantic calm
Timilai Samjhanda Ko Geet,Narayan Gopal,Folk,110,"Nostalgic,Romantic",narayangopal folk 110 nostalgic romantic
Man Ko Suseli Ko,Phatteman Rajbhandari,Classical,90,"Sad,Melancholic",phattemanrajbhandari classical 90 sad melancholic
Aankha Ko Dhoon Ko,Aruna Lama,Classical,85,"Sad,Romantic",arunalama classical 85 sad romantic
Mero Jivan Ko Lahar,Bhakta Raj Acharya,Classical,80,"Sad,Introspective",bhaktarajacharya classical 80 sad introspective
Dil Ko Geet Ma,Gopal Yonjan,Classical,95,"Calm,Traditional",gopalyonjan classical 95 calm traditional
Timro Maya Ko Suseli,Arun Thapa,Pop,100,"Romantic,Sad",arunthapa pop 100 romantic sad
Man Ko Dhoon Ma,Tanka Budhathoki,Pop,110,"Romantic,Happy",tankabudhathoki pop 110 romantic happy
Timro Lagi Maya Ko,Melina Rai,Pop,115,"Romantic,Uplifting",melinarai pop 115 romantic uplifting
Pahad Ko Lahar,Bishnu Majhi,Folk,105,"Nostalgic,Happy",bishnumajhi folk 105 nostalgic happy
Chhati Ko Dhoon Ma,Pramod Kharel,Pop,100,"Sad,Melancholic",pramodkharel pop 100 sad melancholic
Timro Muskurahat Ko Dhoon,Swoopna Suman,Pop,120,"Happy,Romantic",swoopnasuman pop 120 happy romantic
Maya Ko Lahar Ko,Sushant KC,Pop,115,"Happy,Uplifting",sushantkc pop 115 happy uplifting
Timro Saath Bina Ko,Sajjan Raj Vaidya,Indie,90,"Sad,Romantic",sajjanrajvaidya indie 90 sad romantic
Man Ko Suseli Ma,Nepathya,Rock,135,"Energetic,Inspirational",nepathya rock 135 energetic inspirational
Dil Ko Dhoon Ko,Oasis Thapa,Indie,95,"Romantic,Calm",oasisthapa indie 95 romantic calm
Timro Hridaya Ko Suseli,Samir Shrestha,Pop,110,"Happy,Romantic",samirshrestha pop 110 happy romantic
Phoolko Joon,Hari Thapa,Gurung Folk,110,"Calm,Romantic",harithapa gurung folk 110 calm romantic
Eklo Andhakar,Radha Sherpa,Lok Dohori,97,"Romantic,Calm",radhasherpa lok dohori 97 romantic calm
Bishal Sparsha,Krishna Sherpa,Folk,113,"Sad,Melancholic",krishnasherpa folk 113 sad melancholic
Joonko Aankha,Suman Gurung,Tamang Selo,130,"Sad,Melancholic",sumangurung tamang selo 130 sad melancholic
Mantra Sparsha,Laxmi Gurung,Newari,95,"Melancholic,Sad",laxmigurung newari 95 melancholic sad
Sagar Ujyaalo,Laxmi Gurung,Modern,95,"Happy,Calm",laxmigurung modern 95 happy calm
Joonko Chhaya,Rajan Raj Shiwakoti,Modern,132,"Energetic,Happy",rajanrajshiwakoti modern 132 energetic happy
Haatma Swar,Ramesh Yadav,Folk,115,"Sad,Melancholic",rameshyadav folk 115 sad melancholic
Tadha Pani,Kutumba,Gurung Folk,91,"Calm,Romantic",kutumba gurung folk 91 calm romantic
Samjhana Sugandha,Laxmi Yadav,Bhajan,111,"Happy,Devotional",laxmiyadav bhajan 111 happy devotional
Sundar Andhakar,Ramesh Limbu,Gurung Folk,91,"Melancholic,Sad",rameshlimbu gurung folk 91 melancholic sad
Bato Biraha,Gopal Rai,Gurung Folk,91,"Romantic,Calm",gopalrai gurung folk 91 romantic calm
Ujyaalo Tara,Krishna Chhetri,Pop,105,"Sad,Melancholic",krishnachhetri pop 105 sad melancholic
Himal Raat,Laxmi Gurung,Pop,62,"Sad,Melancholic",laxmigurung pop 62 sad melancholic
Phoolko Biraha,Deepak Limbu,Pop,66,"Melancholic,Sad",deepaklimbu pop 66 melancholic sad
Himal Pani,Badri Pangeni,Folk,89,"Energetic,Romantic",badripangeni folk 89 energetic romantic
Bishal Sugandha,Gopal Shrestha,Rock,80,"Romantic,Calm",gopalshrestha rock 80 romantic calm
Koshi Haath,Albatross,Modern,106,"Energetic,Happy",albatross modern 106 energetic happy
Koshi Aankha,Bimal Magar,Modern,82,"Romantic,Calm",bimalmagar modern 82 romantic calm
Chiso Joon,Sabin Rai,Folk,72,"Happy,Calm",sabinrai folk 72 happy calm
Ujyaalo Sugandha,Cobweb,Folk,129,"Sad,Melancholic",cobweb folk 129 sad melancholic
Phoolko Aankha,Albatross,Pop,95,"Patriotic,Happy",albatross pop 95 patriotic happy
Sajhako Pani,Aruna Lama,Folk,101,"Energetic,Romantic",arunalama folk 101 energetic romantic
Ganga Tara,Aruna Lama,Folk,72,"Patriotic,Calm",arunalama folk 72 patriotic calm
Jindagi Swar,Laxmi Rai,Folk,89,"Devotional,Calm",laxmirai folk 89 devotional calm
Eklo Milan,Shanti Gurung,Pop,102,"Sad,Melancholic",shantigurung pop 102 sad melancholic
Chiso Lahara,Deepak Limbu,Lok Dohori,77,"Happy,Calm",deepaklimbu lok dohori 77 happy calm
Pari Rimjhim,Narayan Gopal,Pop,108,"Calm,Romantic",narayangopal pop 108 calm romantic
Maya Pani,Kutumba,Lok Dohori,88,"Sad,Melancholic",kutumba lok dohori 88 sad melancholic
Haatma Dhoon,Devi Gharti,Modern,94,"Happy,Calm",devigharti modern 94 happy calm
Tadha Dil,Sita Magar,Rock,88,"Sad,Melancholic",sitamagar rock 88 sad melancholic
Jindagi Haath,Krishna Gurung,Folk,137,"Sad,Melancholic",krishnagurung folk 137 sad melancholic
Samjhana Milan,Ramesh Chhetri,Rock,100,"Melancholic,Sad",rameshchhetri rock 100 melancholic sad
Phoolko Raat,Laxmi Gurung,Gurung Folk,79,"Patriotic,Calm",laxmigurung gurung folk 79 patriotic calm
Phoolko Chhaya,Laxmi Gurung,Folk,116,"Melancholic,Sad",laxmigurung folk 116 melancholic sad
Phoolko Tara,Krishna Yadav,Folk,76,"Energetic,Romantic",krishnayadav folk 76 energetic romantic
Bishal Biraha,Hari Sherpa,Gurung Folk,104,"Romantic,Energetic",harisherpa gurung folk 104 romantic energetic
Sundar Raat,Laxmi Gurung,Folk,61,"Romantic,Calm",laxmigurung folk 61 romantic calm
Samjhana Maya,Sabin Rai,Lok Dohori,73,"Happy,Calm",sabinrai lok dohori 73 happy calm
Pahadko Katha,Krishna Gurung,Folk,104,"Romantic,Energetic",krishnagurung folk 104 romantic energetic
Jindagi Rimjhim,Khem Raj Gurung,Newari,115,"Romantic,Energetic",khemrajgurung newari 115 romantic energetic
Tadha Sansaar,Ramesh Thapa,Pop,103,"Sad,Melancholic",rameshthapa pop 103 sad melancholic
Samjhana Sansaar,Narayan Gopal,Lok Dohori,98,"Calm,Romantic",narayangopal lok dohori 98 calm romantic
Jhilmil Chhaya,Karma Band,Pop,94,"Melancholic,Sad",karmaband pop 94 melancholic sad
Dherai Chhaya,Krishna Yadav,Modern,70,"Happy,Calm",krishnayadav modern 70 happy calm
Samjhana Mann,Sita Rai,Newari,86,"Romantic,Calm",sitarai newari 86 romantic calm
Timro Tara,Melina Rai,Lok Dohori,91,"Romantic,Calm",melinarai lok dohori 91 romantic calm
Chhaya Sparsha,Hari Gurung,Gurung Folk,121,"Romantic,Energetic",harigurung gurung folk 121 romantic energetic
Dilko Andhakar,1974 AD,Newari,107,"Happy,Devotional",1974ad newari 107 happy devotional
Himal Saath,Shanti Chhetri,Tamang Selo,65,"Romantic,Calm",shantichhetri tamang selo 65 romantic calm
Rimjhim Din,Sabin Rai,Folk,106,"Happy,Energetic",sabinrai folk 106 happy energetic
Pari Pal,Ramesh Sherpa,Folk,92,"Romantic,Calm",rameshsherpa folk 92 romantic calm
Aankhama Pal,Laxmi Tamang,Pop,86,"Sad,Melancholic",laxmitamang pop 86 sad melancholic
Phoolko Dhoon,Suman Chhetri,Modern,112,"Energetic,Happy",sumanchhetri modern 112 energetic happy
Bishal Sapana,Karma Band,Newari,121,"Sad,Melancholic",karmaband newari 121 sad melancholic
Jindagi Mann,Hari Thapa,Rock,119,"Romantic,Energetic",harithapa rock 119 romantic energetic
Raatko Dil,Shanti Gurung,Pop,83,"Melancholic,Sad",shantigurung pop 83 melancholic sad
Bato Maya,Gopal Chhetri,Rock,94,"Calm,Romantic",gopalchhetri rock 94 calm romantic
Bishal Milan,Sita Yadav,Lok Dohori,107,"Happy,Calm",sitayadav lok dohori 107 happy calm
Jhilmil Pani,Shanti Rai,Modern,120,"Romantic,Energetic",shantirai modern 120 romantic energetic
Haatma Yaad,Laxmi Gurung,Folk,90,"Energetic,Romantic",laxmigurung folk 90 energetic romantic
Ganga Biraha,Laxmi Gurung,Pop,96,"Energetic,Romantic",laxmigurung pop 96 energetic romantic
Simal Milan,Hari Sherpa,Rock,78,"Energetic,Happy",harisherpa rock 78 energetic happy
Sajhako Geet,Melina Rai,Rock,76,"Calm,Romantic",melinarai rock 76 calm romantic
Raatko Aankha,Laxmi Thapa,Lok Dohori,116,"Calm,Romantic",laxmithapa lok dohori 116 calm romantic
Joonko Milan,Laxmi Rai,Rock,127,"Romantic,Energetic",laxmirai rock 127 romantic energetic
Himal Pani,Bimal Magar,Folk,99,"Romantic,Calm",bimalmagar folk 99 romantic calm
Dherai Raat,Devi Gharti,Gurung Folk,120,"Romantic,Energetic",devigharti gurung folk 120 romantic energetic
Phoolko Aankha,Shanti Yadav,Modern,107,"Romantic,Energetic",shantiyadav modern 107 romantic energetic
Simal Jindagi,Devi Gharti,Pop,87,"Romantic,Calm",devigharti pop 87 romantic calm
Naya Sparsha,Raju Lama,Pop,107,"Devotional,Calm",rajulama pop 107 devotional calm
Sundar Aankha,Radha Tamang,Folk,131,"Romantic,Energetic",radhatamang folk 131 romantic energetic
Andhakar Sugandha,Shanti Chhetri,Rock,99,"Calm,Romantic",shantichhetri rock 99 calm romantic
Raatko Dhoon,Hari Sherpa,Tamang Selo,131,"Melancholic,Sad",harisherpa tamang selo 131 melancholic sad
Jhilmil Ujyaalo,Krishna Chhetri,Newari,60,"Romantic,Calm",krishnachhetri newari 60 romantic calm
Pari Aankha,Devi Gharti,Tamang Selo,116,"Sad,Melancholic",devigharti tamang selo 116 sad melancholic
Sundar Jindagi,Badri Pangeni,Folk,102,"Happy,Calm",badripangeni folk 102 happy calm
Pahadko Pal,Shanti Rai,Folk,94,"Calm,Romantic",shantirai folk 94 calm romantic
Samjhana Sugandha,Gopal Sherpa,Lok Dohori,102,"Romantic,Calm",gopalsherpa lok dohori 102 romantic calm
Phoolko Dil,Shanti Rai,Rock,60,"Energetic,Happy",shantirai rock 60 energetic happy
Sapana Ujyaalo,Gopal Sherpa,Newari,96,"Calm,Romantic",gopalsherpa newari 96 calm romantic
Mero Andhakar,Laxmi Thapa,Rock,107,"Melancholic,Sad",laxmithapa rock 107 melancholic sad
Sagar Sparsha,Ramesh Sherpa,Rock,130,"Romantic,Energetic",rameshsherpa rock 130 romantic energetic
Aankhama Jindagi,Santosh Lama,Rock,90,"Happy,Calm",santoshlama rock 90 happy calm
Himal Milan,Gopal Rai,Lok Dohori,84,"Romantic,Calm",gopalrai lok dohori 84 romantic calm
Samjhana Katha,Bartika Eam Rai,Newari,90,"Calm,Romantic",bartikaeamrai newari 90 calm romantic
Mero Pani,Ramesh Limbu,Pop,118,"Energetic,Happy",rameshlimbu pop 118 energetic happy
Chiso Maya,Suman Gurung,Pop,107,"Sad,Melancholic",sumangurung pop 107 sad melancholic
Simal Maya,Khem Raj Gurung,Tamang Selo,89,"Energetic,Romantic",khemrajgurung tamang selo 89 energetic romantic
Bishal Mann,Raju Lama,Modern,110,"Romantic,Energetic",rajulama modern 110 romantic energetic
Timro Sparsha,Devi Gharti,Pop,102,"Happy,Calm",devigharti pop 102 happy calm
Dherai Pal,Laxmi Yadav,Lok Dohori,119,"Calm,Romantic",laxmiyadav lok dohori 119 calm romantic
Sapana Aankha,Khem Raj Gurung,Lok Dohori,86,"Happy,Calm",khemrajgurung lok dohori 86 happy calm
Haatma Sparsha,Ramesh Yadav,Pop,93,"Happy,Calm",rameshyadav pop 93 happy calm
Sagar Lahara,Laxmi Thapa,Folk,92,"Romantic,Calm",laxmithapa folk 92 romantic calm
Phoolko Lahara,Shanti Yadav,Folk,71,"Romantic,Calm",shantiyadav folk 71 romantic calm
Sagar Andhakar,Hari Thapa,Lok Dohori,106,"Romantic,Calm",harithapa lok dohori 106 romantic calm
Timro Bato,Ramesh Limbu,Modern,105,"Happy,Calm",rameshlimbu modern 105 happy calm
Himal Raat,Shanti Gurung,Pop,100,"Devotional,Calm",shantigurung pop 100 devotional calm
Andhakar Biraha,Hari Yadav,Pop,95,"Calm,Romantic",hariyadav pop 95 calm romantic
Rimjhim Katha,Hari Yadav,Rock,72,"Romantic,Calm",hariyadav rock 72 romantic calm
Rimjhim Sapana,Tribal Rain,Folk,92,"Energetic,Romantic",tribalrain folk 92 energetic romantic
Andhakar Lahara,Shanti Chhetri,Folk,93,"Happy,Calm",shantichhetri folk 93 happy calm
Raatko Din,Hemanta Rana,Folk,84,"Sad,Melancholic",hemantarana folk 84 sad melancholic
Rimjhim Tara,Hari Rai,Newari,97,"Calm,Romantic",harirai newari 97 calm romantic
Sundar Dhoon,The Shadows Nepal,Folk,108,"Energetic,Happy",theshadowsnepal folk 108 energetic happy
Eklo Sparsha,Radha Sherpa,Rock,138,"Romantic,Energetic",radhasherpa rock 138 romantic energetic
Ujyaalo Saath,Tribal Rain,Folk,103,"Energetic,Happy",tribalrain folk 103 energetic happy
Dilko Geet,Sita Magar,Folk,105,"Calm,Romantic",sitamagar folk 105 calm romantic
Chhaya Dil,Shanti Rai,Folk,99,"Energetic,Romantic",shantirai folk 99 energetic romantic
Sagar Maya,Swoopna Suman,Lok Dohori,62,"Sad,Melancholic",swoopnasuman lok dohori 62 sad melancholic
Bishal Dhoon,Cobweb,Pop,99,"Romantic,Calm",cobweb pop 99 romantic calm
Rimjhim Yaad,Krishna Limbu,Modern,101,"Patriotic,Happy",krishnalimbu modern 101 patriotic happy
Bato Geet,Sita Rai,Pop,149,"Happy,Energetic",sitarai pop 149 happy energetic
Bishal Sugandha,Anju Panta,Gurung Folk,96,"Calm,Romantic",anjupanta gurung folk 96 calm romantic
Samjhana Sansaar,Sabin Rai,Tamang Selo,106,"Calm,Romantic",sabinrai tamang selo 106 calm romantic
Pari Jindagi,Bimal Yadav,Pop,99,"Happy,Calm",bimalyadav pop 99 happy calm
Pari Muskan,Gopal Rai,Rock,77,"Calm,Romantic",gopalrai rock 77 calm romantic
Chiso Sugandha,Bimal Rai,Bhajan,123,"Happy,Devotional",bimalrai bhajan 123 happy devotional
Dilko Muskan,Ramesh Sherpa,Modern,115,"Romantic,Energetic",rameshsherpa modern 115 romantic energetic
Aankhama Sparsha,Laxmi Thapa,Rock,116,"Energetic,Happy",laxmithapa rock 116 energetic happy
Jhilmil Geet,Laxmi Gurung,Pop,82,"Devotional,Calm",laxmigurung pop 82 devotional calm
Naya Dhoon,Shanti Yadav,Pop,128,"Romantic,Energetic",shantiyadav pop 128 romantic energetic
Joonko Pal,Laxmi Gurung,Pop,72,"Happy,Calm",laxmigurung pop 72 happy calm
Ujyaalo Biraha,Laxmi Yadav,Folk,112,"Sad,Melancholic",laxmiyadav folk 112 sad melancholic
Pahadko Biraha,Phosphenes,Lok Dohori,144,"Melancholic,Sad",phosphenes lok dohori 144 melancholic sad
Bato Dil,Hari Rai,Pop,80,"Happy,Calm",harirai pop 80 happy calm
Rimjhim Ujyaalo,Phosphenes,Pop,89,"Romantic,Calm",phosphenes pop 89 romantic calm
Pahadko Aankha,Ramesh Chhetri,Lok Dohori,102,"Romantic,Calm",rameshchhetri lok dohori 102 romantic calm
Rimjhim,Laxmi Thapa,Pop,90,"Happy,Calm",laxmithapa pop 90 happy calm
Jhilmil Yaad,Shanti Thapa,Folk,69,"Happy,Calm",shantithapa folk 69 happy calm
Mero Sparsha,Santosh Lama,Modern,101,"Romantic,Calm",santoshlama modern 101 romantic calm
Maya Jindagi,Krishna Tamang,Rock,79,"Sad,Melancholic",krishnatamang rock 79 sad melancholic
Jhilmil Sansaar,Tribal Rain,Rock,109,"Energetic,Happy",tribalrain rock 109 energetic happy
Raatko Milan,Narayan Gopal,Folk,82,"Romantic,Calm",narayangopal folk 82 romantic calm
Pahadko Milan,Laxmi Gurung,Pop,131,"Happy,Energetic",laxmigurung pop 131 happy energetic
Jindagi Sapana,Gopal Rai,Tamang Selo,84,"Romantic,Calm",gopalrai tamang selo 84 romantic calm
Sajhako Milan,Ramesh Chhetri,Folk,94,"Happy,Calm",rameshchhetri folk 94 happy calm
Lahara Katha,Shanti Yadav,Rock,116,"Happy,Energetic",shantiyadav rock 116 happy energetic
Rimjhim Chhaya,Laxmi Rai,Rock,75,"Romantic,Calm",laxmirai rock 75 romantic calm
Haatma Raat,Shanti Thapa,Lok Dohori,105,"Romantic,Calm",shantithapa lok dohori 105 romantic calm
Sagar Chhaya,Laxmi Gurung,Folk,126,"Sad,Melancholic",laxmigurung folk 126 sad melancholic
Haatma Aankha,Krishna Sherpa,Tamang Selo,68,"Energetic,Happy",krishnasherpa tamang selo 68 energetic happy
Pahadko Rimjhim,Santosh Lama,Folk,104,"Energetic,Romantic",santoshlama folk 104 energetic romantic
Pari Pal,Laxmi Gurung,Pop,105,"Happy,Calm",laxmigurung pop 105 happy calm
Mantra Yaad,Kutumba,Folk,116,"Romantic,Energetic",kutumba folk 116 romantic energetic
Koshi Sapana,Santosh Lama,Tamang Selo,75,"Sad,Melancholic",santoshlama tamang selo 75 sad melancholic
Sagar Ujyaalo,Sita Magar,Gurung Folk,74,"Energetic,Romantic",sitamagar gurung folk 74 energetic romantic
Dherai Aankha,Hari Yadav,Folk,110,"Calm,Romantic",hariyadav folk 110 calm romantic
Bishal Joon,Suman Gurung,Tamang Selo,106,"Patriotic,Happy",sumangurung tamang selo 106 patriotic happy
Dilko Lahara,Pashupati Sharma,Tamang Selo,105,"Energetic,Happy",pashupatisharma tamang selo 105 energetic happy
Raatko Yaad,Gopal Chhetri,Newari,107,"Energetic,Romantic",gopalchhetri newari 107 energetic romantic
Dherai Jindagi,Bipul Chettri,Rock,86,"Calm,Romantic",bipulchettri rock 86 calm romantic
Naya Andhakar,Albatross,Rock,105,"Energetic,Happy",albatross rock 105 energetic happy
Dherai Dil,Tara Devi,Pop,106,"Romantic,Calm",taradevi pop 106 romantic calm
Jindagi Sapana,Radha Sherpa,Folk,86,"Happy,Calm",radhasherpa folk 86 happy calm
Himal Andhakar,Gopal Limbu,Folk,137,"Sad,Melancholic",gopallimbu folk 137 sad melancholic
Basanta Andhakar,Sugam Pokharel,Modern,109,"Sad,Melancholic",sugampokharel modern 109 sad melancholic
Jhilmil Muskan,Gopal Chhetri,Tamang Selo,76,"Energetic,Happy",gopalchhetri tamang selo 76 energetic happy
Sagar Tara,Anju Panta,Folk,113,"Happy,Calm",anjupanta folk 113 happy calm
Chhaya Bato,Ram Krishna Dhakal,Folk,81,"Energetic,Romantic",ramkrishnadhakal folk 81 energetic romantic
Maya Din,The Shadows Nepal,Modern,116,"Energetic,Happy",theshadowsnepal modern 116 energetic happy
Dilko Jindagi,Ram Krishna Dhakal,Pop,123,"Romantic,Energetic",ramkrishnadhakal pop 123 romantic energetic
Andhakar Maya,Neetesh Jung Kunwar,Newari,84,"Energetic,Devotional",neeteshjungkunwar newari 84 energetic devotional
Pahadko Milan,Narayan Gopal,Pop,119,"Melancholic,Sad",narayangopal pop 119 melancholic sad
Sagar Sansaar,Radha Sherpa,Folk,108,"Romantic,Calm",radhasherpa folk 108 romantic calm
Bato Joon,Sabin Rai,Pop,116,"Calm,Romantic",sabinrai pop 116 calm romantic
Pahadko Biraha,Prakash Saput,Gurung Folk,138,"Romantic,Energetic",prakashsaput gurung folk 138 romantic energetic
Rimjhim Raat,Radha Sherpa,Lok Dohori,95,"Devotional,Calm",radhasherpa lok dohori 95 devotional calm
Basanta Ujyaalo,Pashupati Sharma,Modern,85,"Energetic,Happy",pashupatisharma modern 85 energetic happy
Bato Katha,Bimal Magar,Lok Dohori,82,"Romantic,Calm",bimalmagar lok dohori 82 romantic calm
Timro Geet,Sugam Pokharel,Modern,84,"Romantic,Calm",sugampokharel modern 84 romantic calm
Tadha Swar,Suman Gurung,Lok Dohori,98,"Happy,Calm",sumangurung lok dohori 98 happy calm
Samjhana Saath,Sita Rai,Rock,107,"Melancholic,Sad",sitarai rock 107 melancholic sad
Joonko Maya,Shanti Tamang,Lok Dohori,106,"Sad,Melancholic",shantitamang lok dohori 106 sad melancholic
Dherai Sparsha,Bimal Magar,Lok Dohori,117,"Devotional,Calm",bimalmagar lok dohori 117 devotional calm
Eklo Bato,Hari Magar,Pop,100,"Calm,Romantic",harimagar pop 100 calm romantic
Andhakar Bato,Bimal Magar,Folk,129,"Energetic,Happy",bimalmagar folk 129 energetic happy
Lahara Muskan,Pashupati Sharma,Rock,95,"Romantic,Calm",pashupatisharma rock 95 romantic calm
Eklo Sapana,Raju Lama,Modern,154,"Romantic,Energetic",rajulama modern 154 romantic energetic
Andhakar Swar,Ramesh Chhetri,Modern,113,"Happy,Energetic",rameshchhetri modern 113 happy energetic
Timro Dhoon,Ramesh Chhetri,Gurung Folk,83,"Happy,Calm",rameshchhetri gurung folk 83 happy calm
Dilko Tara,Kandara,Folk,79,"Energetic,Romantic",kandara folk 79 energetic romantic
Bishal Dil,Gopal Tamang,Pop,110,"Energetic,Happy",gopaltamang pop 110 energetic happy
Naya Ujyaalo,Hari Sherpa,Folk,96,"Devotional,Calm",harisherpa folk 96 devotional calm
Timro Biraha,Hemanta Rana,Rock,114,"Devotional,Calm",hemantarana rock 114 devotional calm
Lahara Muskan,Krishna Yadav,Rock,109,"Devotional,Calm",krishnayadav rock 109 devotional calm
Chhaya Mann,Ramesh Thapa,Pop,99,"Happy,Calm",rameshthapa pop 99 happy calm
Andhakar Pani,Hemanta Rana,Modern,83,"Calm,Romantic",hemantarana modern 83 calm romantic
Mero Mann,Devi Gharti,Gurung Folk,70,"Romantic,Calm",devigharti gurung folk 70 romantic calm
Sapana Pani,Melina Rai,Modern,91,"Romantic,Calm",melinarai modern 91 romantic calm
Aankhama Sapana,Hari Thapa,Pop,117,"Melancholic,Sad",harithapa pop 117 melancholic sad
Dherai Sugandha,Khem Raj Gurung,Lok Dohori,104,"Happy,Calm",khemrajgurung lok dohori 104 happy calm
Mero Sugandha,Shanti Chhetri,Lok Dohori,75,"Sad,Melancholic",shantichhetri lok dohori 75 sad melancholic
Raatko Raat,Bishnu Majhi,Pop,103,"Romantic,Calm",bishnumajhi pop 103 romantic calm
Sundar Muskan,Laxmi Yadav,Rock,108,"Energetic,Happy",laxmiyadav rock 108 energetic happy
Naya Aankha,Raju Lama,Bhajan,82,"Happy,Devotional",rajulama bhajan 82 happy devotional
Sundar Geet,Krishna Sherpa,Gurung Folk,103,"Happy,Calm",krishnasherpa gurung folk 103 happy calm
Pari Andhakar,Ramesh Limbu,Lok Dohori,101,"Energetic,Romantic",rameshlimbu lok dohori 101 energetic romantic
Ujyaalo Pani,Suman Gurung,Modern,77,"Happy,Calm",sumangurung modern 77 happy calm
Rimjhim Katha,Sita Magar,Rock,107,"Sad,Melancholic",sitamagar rock 107 sad melancholic
Sundar Geet,Laxmi Gurung,Modern,111,"Happy,Calm",laxmigurung modern 111 happy calm
Haatma Andhakar,Krishna Tamang,Newari,122,"Calm,Romantic",krishnatamang newari 122 calm romantic
Sapana Dil,Pashupati Sharma,Folk,121,"Romantic,Energetic",pashupatisharma folk 121 romantic energetic
Ganga Dil,Sita Thapa,Folk,72,"Romantic,Calm",sitathapa folk 72 romantic calm
Lahara Dhoon,Radha Sherpa,Newari,81,"Happy,Calm",radhasherpa newari 81 happy calm
Tadha Pani,Albatross,Lok Dohori,110,"Energetic,Happy",albatross lok dohori 110 energetic happy
Samjhana Chhaya,Bimal Rai,Gurung Folk,110,"Calm,Romantic",bimalrai gurung folk 110 calm romantic
Haatma Dil,Shanti Chhetri,Bhajan,110,"Energetic,Devotional",shantichhetri bhajan 110 energetic devotional
Chiso Dhoon,Hari Thapa,Folk,160,"Happy,Energetic",harithapa folk 160 happy energetic
Mantra Haath,Laxmi Tamang,Rock,111,"Romantic,Energetic",laxmitamang rock 111 romantic energetic
Chhaya Andhakar,Krishna Yadav,Pop,123,"Sad,Melancholic",krishnayadav pop 123 sad melancholic
Aankhama Saath,Radha Tamang,Gurung Folk,119,"Romantic,Energetic",radhatamang gurung folk 119 romantic energetic
Eklo Raat,Laxmi Tamang,Tamang Selo,113,"Sad,Melancholic",laxmitamang tamang selo 113 sad melancholic
Maya,Bimal Yadav,Folk,94,"Happy,Calm",bimalyadav folk 94 happy calm
Dherai Lahara,Gopal Rai,Pop,115,"Romantic,Energetic",gopalrai pop 115 romantic energetic
Mero Pani,Hemanta Rana,Folk,85,"Energetic,Romantic",hemantarana folk 85 energetic romantic
Joonko Bato,Suman Gurung,Folk,95,"Melancholic,Sad",sumangurung folk 95 melancholic sad
Tadha Tara,Tara Devi,Pop,90,"Romantic,Calm",taradevi pop 90 romantic calm
Tadha Maya,Laxmi Tamang,Folk,102,"Romantic,Calm",laxmitamang folk 102 romantic calm
Koshi Maya,Shanti Gurung,Pop,146,"Energetic,Happy",shantigurung pop 146 energetic happy
Pahadko Milan,Bimal Rai,Rock,63,"Romantic,Calm",bimalrai rock 63 romantic calm
Timro Pal,Hari Thapa,Pop,114,"Sad,Melancholic",harithapa pop 114 sad melancholic
Sapana Sparsha,Khem Raj Gurung,Folk,68,"Happy,Calm",khemrajgurung folk 68 happy calm
Basanta Yaad,1974 AD,Pop,91,"Calm,Romantic",1974ad pop 91 calm romantic
Aankhama Rimjhim,Shanti Chhetri,Lok Dohori,122,"Happy,Energetic",shantichhetri lok dohori 122 happy energetic
Timro Dil,Ramesh Sherpa,Newari,101,"Melancholic,Sad",rameshsherpa newari 101 melancholic sad
Jhilmil Lahara,Gopal Chhetri,Modern,78,"Sad,Melancholic",gopalchhetri modern 78 sad melancholic
Ganga Raat,Aruna Lama,Lok Dohori,86,"Romantic,Calm",arunalama lok dohori 86 romantic calm
Lahara Pani,Sabin Rai,Folk,114,"Calm,Romantic",sabinrai folk 114 calm romantic
Sundar Pani,Ramesh Yadav,Lok Dohori,85,"Sad,Melancholic",rameshyadav lok dohori 85 sad melancholic
Joonko Pani,Hari Rai,Pop,104,"Calm,Romantic",harirai pop 104 calm romantic
Chhaya Bato,Ram Krishna Dhakal,Pop,101,"Happy,Calm",ramkrishnadhakal pop 101 happy calm
Bato Din,Tara Devi,Lok Dohori,87,"Romantic,Calm",taradevi lok dohori 87 romantic calm
Maya Dhoon,Suman Rai,Rock,143,"Calm,Romantic",sumanrai rock 143 calm romantic
Ujyaalo Milan,Krishna Sherpa,Modern,113,"Romantic,Energetic",krishnasherpa modern 113 romantic energetic
Raatko Sugandha,Kutumba,Rock,60,"Romantic,Calm",kutumba rock 60 romantic calm
Rimjhim Lahara,Shanti Chhetri,Rock,104,"Sad,Melancholic",shantichhetri rock 104 sad melancholic
Ujyaalo Mann,Krishna Yadav,Tamang Selo,87,"Happy,Calm",krishnayadav tamang selo 87 happy calm
Tadha Katha,Laxmi Gurung,Folk,117,"Calm,Romantic",laxmigurung folk 117 calm romantic
Timro Aankha,Krishna Tamang,Pop,84,"Romantic,Calm",krishnatamang pop 84 romantic calm
Mantra Sugandha,Krishna Chhetri,Pop,98,"Melancholic,Sad",krishnachhetri pop 98 melancholic sad
Himal Biraha,Laxmi Gurung,Modern,110,"Happy,Energetic",laxmigurung modern 110 happy energetic
Ujyaalo Aankha,Sita Magar,Modern,117,"Energetic,Happy",sitamagar modern 117 energetic happy
Pahadko Joon,Bimal Yadav,Lok Dohori,76,"Happy,Calm",bimalyadav lok dohori 76 happy calm
Naya Chhaya,Gopal Sherpa,Folk,93,"Romantic,Calm",gopalsherpa folk 93 romantic calm
Dherai Sapana,Sita Magar,Modern,91,"Melancholic,Sad",sitamagar modern 91 melancholic sad
Sagar Dhoon,Hari Rai,Modern,87,"Happy,Calm",harirai modern 87 happy calm
Tadha Geet,Laxmi Thapa,Modern,135,"Sad,Melancholic",laxmithapa modern 135 sad melancholic
Samjhana Milan,Sita Yadav,Gurung Folk,108,"Melancholic,Sad",sitayadav gurung folk 108 melancholic sad
Tadha Sansaar,Ramesh Limbu,Rock,75,"Happy,Calm",rameshlimbu rock 75 happy calm
Sagar Din,Bimal Yadav,Bhajan,118,"Energetic,Devotional",bimalyadav bhajan 118 energetic devotional
Aankhama Sugandha,Phosphenes,Folk,142,"Romantic,Energetic",phosphenes folk 142 romantic energetic
Mantra Sparsha,Sita Yadav,Newari,121,"Happy,Devotional",sitayadav newari 121 happy devotional
Himal Tara,Bipul Chettri,Modern,70,"Happy,Calm",bipulchettri modern 70 happy calm
Maya Ujyaalo,Laxmi Gurung,Lok Dohori,90,"Happy,Calm",laxmigurung lok dohori 90 happy calm
Ujyaalo Mann,Sita Rai,Lok Dohori,125,"Sad,Melancholic",sitarai lok dohori 125 sad melancholic
Ujyaalo Katha,Krishna Chhetri,Pop,86,"Sad,Melancholic",krishnachhetri pop 86 sad melancholic
Pari Tara,Krishna Yadav,Lok Dohori,109,"Calm,Romantic",krishnayadav lok dohori 109 calm romantic
Ujyaalo Aankha,Laxmi Thapa,Rock,115,"Energetic,Happy",laxmithapa rock 115 energetic happy
Joonko Ujyaalo,Shanti Thapa,Pop,81,"Sad,Melancholic",shantithapa pop 81 sad melancholic
Pari Andhakar,Laxmi Gurung,Bhajan,99,"Romantic,Devotional",laxmigurung bhajan 99 romantic devotional
Sundar Andhakar,Laxmi Rai,Pop,60,"Happy,Calm",laxmirai pop 60 happy calm
Ujyaalo Tara,Ram Krishna Dhakal,Tamang Selo,80,"Happy,Calm",ramkrishnadhakal tamang selo 80 happy calm
Aankhama Ujyaalo,Suman Chhetri,Bhajan,95,"Energetic,Devotional",sumanchhetri bhajan 95 energetic devotional
Ganga Rimjhim,Badri Pangeni,Folk,75,"Happy,Calm",badripangeni folk 75 happy calm
Aankhama Raat,Albatross,Tamang Selo,133,"Romantic,Energetic",albatross tamang selo 133 romantic energetic
Dherai Sugandha,Laxmi Rai,Newari,71,"Energetic,Devotional",laxmirai newari 71 energetic devotional
Samjhana Sparsha,Laxmi Yadav,Rock,91,"Happy,Calm",laxmiyadav rock 91 happy calm
Tadha Raat,Hemanta Rana,Tamang Selo,103,"Calm,Romantic",hemantarana tamang selo 103 calm romantic
Sundar Dil,Laxmi Rai,Pop,129,"Happy,Energetic",laxmirai pop 129 happy energetic
Dilko Dil,Laxmi Gurung,Rock,71,"Happy,Calm",laxmigurung rock 71 happy calm
Basanta Katha,Prakash Saput,Modern,123,"Calm,Romantic",prakashsaput modern 123 calm romantic
Dherai Geet,Rajan Raj Shiwakoti,Modern,100,"Sad,Melancholic",rajanrajshiwakoti modern 100 sad melancholic
Koshi Din,Shanti Chhetri,Pop,80,"Devotional,Calm",shantichhetri pop 80 devotional calm
Phoolko Dhoon,Hari Rai,Rock,109,"Patriotic,Happy",harirai rock 109 patriotic happy
Eklo Raat,Laxmi Yadav,Pop,104,"Energetic,Happy",laxmiyadav pop 104 energetic happy
Lahara Maya,Shanti Chhetri,Lok Dohori,88,"Sad,Melancholic",shantichhetri lok dohori 88 sad melancholic
Naya Sparsha,Sita Yadav,Lok Dohori,101,"Happy,Calm",sitayadav lok dohori 101 happy calm
Chhaya,1974 AD,Tamang Selo,92,"Romantic,Calm",1974ad tamang selo 92 romantic calm
Pari Sansaar,Kandara,Pop,102,"Romantic,Calm",kandara pop 102 romantic calm
Andhakar Mann,Pramod Kharel,Pop,113,"Happy,Energetic",pramodkharel pop 113 happy energetic
Timro Sapana,Shanti Gurung,Folk,132,"Romantic,Energetic",shantigurung folk 132 romantic energetic
Pari Maya,Krishna Sherpa,Pop,75,"Energetic,Romantic",krishnasherpa pop 75 energetic romantic
Chiso Andhakar,Shanti Rai,Folk,143,"Romantic,Energetic",shantirai folk 143 romantic energetic
Jhilmil Tara,Laxmi Thapa,Newari,61,"Energetic,Devotional",laxmithapa newari 61 energetic devotional
Maya Jindagi,Suman Rai,Folk,97,"Romantic,Calm",sumanrai folk 97 romantic calm
Rimjhim Saath,Gopal Tamang,Folk,112,"Energetic,Romantic",gopaltamang folk 112 energetic romantic
Maya Chhaya,Suman Gurung,Pop,106,"Sad,Melancholic",sumangurung pop 106 sad melancholic
Pahadko Geet,Shanti Thapa,Lok Dohori,88,"Happy,Calm",shantithapa lok dohori 88 happy calm
Ujyaalo Bato,Anju Panta,Lok Dohori,96,"Melancholic,Sad",anjupanta lok dohori 96 melancholic sad
Sagar Joon,Hari Thapa,Pop,104,"Calm,Romantic",harithapa pop 104 calm romantic
Rimjhim Aankha,Ramesh Sherpa,Lok Dohori,103,"Sad,Melancholic",rameshsherpa lok dohori 103 sad melancholic
Basanta Sapana,Bimal Rai,Folk,114,"Happy,Calm",bimalrai folk 114 happy calm
Pahadko Dhoon,Suman Gurung,Modern,62,"Romantic,Calm",sumangurung modern 62 romantic calm
Dherai Mann,Laxmi Gurung,Folk,117,"Energetic,Happy",laxmigurung folk 117 energetic happy
Joonko Geet,Shanti Chhetri,Rock,91,"Romantic,Calm",shantichhetri rock 91 romantic calm
Sapana Saath,Laxmi Rai,Folk,87,"Happy,Calm",laxmirai folk 87 happy calm
Jhilmil Dhoon,Krishna Yadav,Pop,99,"Energetic,Happy",krishnayadav pop 99 energetic happy
Pari Swar,Sita Magar,Folk,113,"Calm,Romantic",sitamagar folk 113 calm romantic
Aankhama Tara,Hari Rai,Modern,104,"Romantic,Energetic",harirai modern 104 romantic energetic
Mero Geet,Laxmi Thapa,Folk,123,"Sad,Melancholic",laxmithapa folk 123 sad melancholic
Samjhana Raat,Krishna Chhetri,Rock,91,"Energetic,Romantic",krishnachhetri rock 91 energetic romantic
Tadha Mann,Suman Rai,Pop,115,"Happy,Calm",sumanrai pop 115 happy calm
Ujyaalo Sapana,Laxmi Gurung,Lok Dohori,80,"Romantic,Calm",laxmigurung lok dohori 80 romantic calm
Sundar Joon,Sita Yadav,Folk,112,"Energetic,Happy",sitayadav folk 112 energetic happy
Dilko Raat,Ramesh Limbu,Pop,95,"Calm,Romantic",rameshlimbu pop 95 calm romantic
Joonko Sansaar,Shanti Thapa,Modern,108,"Sad,Melancholic",shantithapa modern 108 sad melancholic
Pahadko Tara,Hari Sherpa,Gurung Folk,84,"Happy,Calm",harisherpa gurung folk 84 happy calm
Sagar Swar,Laxmi Yadav,Folk,102,"Romantic,Calm",laxmiyadav folk 102 romantic calm
Timro Mann,Krishna Tamang,Pop,119,"Energetic,Happy",krishnatamang pop 119 energetic happy
Chhaya Geet,Sita Rai,Lok Dohori,90,"Sad,Melancholic",sitarai lok dohori 90 sad melancholic
Sapana Joon,Laxmi Gurung,Folk,106,"Romantic,Calm",laxmigurung folk 106 romantic calm
Jhilmil Sapana,Shanti Chhetri,Modern,111,"Happy,Energetic",shantichhetri modern 111 happy energetic
Dherai Tara,Hari Thapa,Pop,87,"Calm,Romantic",harithapa pop 87 calm romantic
Ujyaalo Raat,Ramesh Sherpa,Rock,104,"Energetic,Happy",rameshsherpa rock 104 energetic happy
Basanta Mann,Suman Gurung,Folk,92,"Happy,Calm",sumangurung folk 92 happy calm
Pahadko Swar,Laxmi Rai,Lok Dohori,115,"Romantic,Energetic",laxmirai lok dohori 115 romantic energetic
Sundar Sapana,Krishna Yadav,Pop,80,"Sad,Melancholic",krishnayadav pop 80 sad melancholic
Joonko Dhoon,Sita Magar,Folk,108,"Calm,Romantic",sitamagar folk 108 calm romantic
Timro Swar,Hari Rai,Modern,99,"Happy,Calm",harirai modern 99 happy calm
Mero Sapana,Laxmi Thapa,Pop,112,"Romantic,Energetic",laxmithapa pop 112 romantic energetic
Samjhana Geet,Krishna Chhetri,Rock,105,"Sad,Melancholic",krishnachhetri rock 105 sad melancholic
Tadha Joon,Suman Rai,Folk,90,"Happy,Calm",sumanrai folk 90 happy calm
Ujyaalo Swar,Laxmi Gurung,Lok Dohori,116,"Energetic,Happy",laxmigurung lok dohori 116 energetic happy
Sundar Mann,Sita Yadav,Folk,84,"Romantic,Calm",sitayadav folk 84 romantic calm
Dilko Sapana,Ramesh Limbu,Pop,107,"Happy,Calm",rameshlimbu pop 107 happy calm
Joonko Tara,Shanti Thapa,Modern,95,"Sad,Melancholic",shantithapa modern 95 sad melancholic
Pahadko Geet,Hari Sherpa,Gurung Folk,110,"Calm,Romantic",harisherpa gurung folk 110 calm romantic
Sagar Mann,Laxmi Yadav,Folk,88,"Happy,Calm",laxmiyadav folk 88 happy calm
Timro Geet,Krishna Tamang,Pop,103,"Romantic,Calm",krishnatamang pop 103 romantic calm
Chhaya Sapana,Sita Rai,Lok Dohori,117,"Energetic,Happy",sitarai lok dohori 117 energetic happy
Sapana Raat,Laxmi Gurung,Folk,80,"Sad,Melancholic",laxmigurung folk 80 sad melancholic
Jhilmil Swar,Shanti Chhetri,Modern,108,"Happy,Calm",shantichhetri modern 108 happy calm
Dherai Joon,Hari Thapa,Pop,114,"Romantic,Energetic",harithapa pop 114 romantic energetic
Ujyaalo Mann,Ramesh Sherpa,Rock,90,"Calm,Romantic",rameshsherpa rock 90 calm romantic
Basanta Geet,Suman Gurung,Folk,105,"Happy,Calm",sumangurung folk 105 happy calm
Pahadko Sapana,Laxmi Rai,Lok Dohori,92,"Sad,Melancholic",laxmirai lok dohori 92 sad melancholic
Sundar Swar,Krishna Yadav,Pop,116,"Energetic,Happy",krishnayadav pop 116 energetic happy
Joonko Raat,Sita Magar,Folk,87,"Romantic,Calm",sitamagar folk 87 romantic calm
Timro Sapana,Hari Rai,Modern,110,"Happy,Calm",harirai modern 110 happy calm
Mero Swar,Laxmi Thapa,Pop,95,"Calm,Romantic",laxmithapa pop 95 calm romantic
Samjhana Sapana,Krishna Chhetri,Rock,108,"Sad,Melancholic",krishnachhetri rock 108 sad melancholic
Tadha Geet,Suman Rai,Folk,112,"Energetic,Happy",sumanrai folk 112 energetic happy
Ujyaalo Geet,Laxmi Gurung,Lok Dohori,80,"Happy,Calm",laxmigurung lok dohori 80 happy calm
Sundar Tara,Sita Yadav,Folk,104,"Romantic,Calm",sitayadav folk 104 romantic calm
Dilko Swar,Ramesh Limbu,Pop,117,"Energetic,Happy",rameshlimbu pop 117 energetic happy
Joonko Sapana,Shanti Thapa,Modern,90,"Sad,Melancholic",shantithapa modern 90 sad melancholic
Pahadko Raat,Hari Sherpa,Gurung Folk,115,"Calm,Romantic",harisherpa gurung folk 115 calm romantic
Sagar Geet,Laxmi Yadav,Folk,88,"Happy,Calm",laxmiyadav folk 88 happy calm
Timro Raat,Krishna Tamang,Pop,106,"Romantic,Calm",krishnatamang pop 106 romantic calm
Chhaya Swar,Sita Rai,Lok Dohori,95,"Sad,Melancholic",sitarai lok dohori 95 sad melancholic
Sapana Mann,Laxmi Gurung,Folk,110,"Energetic,Happy",laxmigurung folk 110 energetic happy
Jhilmil Geet,Shanti Chhetri,Modern,84,"Happy,Calm",shantichhetri modern 84 happy calm
Dherai Swar,Hari Thapa,Pop,108,"Romantic,Calm",harithapa pop 108 romantic calm
Ujyaalo Sapana,Ramesh Sherpa,Rock,116,"Energetic,Happy",rameshsherpa rock 116 energetic happy
Basanta Raat,Suman Gurung,Folk,90,"Sad,Melancholic",sumangurung folk 90 sad melancholic
Pahadko Mann,Laxmi Rai,Lok Dohori,112,"Calm,Romantic",laxmirai lok dohori 112 calm romantic
Sundar Geet,Krishna Yadav,Pop,87,"Happy,Calm",krishnayadav pop 87 happy calm
Joonko Swar,Sita Magar,Folk,104,"Romantic,Calm",sitamagar folk 104 romantic calm
Timro Geet,Hari Rai,Modern,117,"Energetic,Happy",harirai modern 117 energetic happy
Mero Raat,Laxmi Thapa,Pop,95,"Sad,Melancholic",laxmithapa pop 95 sad melancholic
Samjhana Swar,Krishna Chhetri,Rock,110,"Calm,Romantic",krishnachhetri rock 110 calm romantic
Tadha Sapana,Suman Rai,Folk,88,"Happy,Calm",sumanrai folk 88 happy calm
Ujyaalo Raat,Laxmi Gurung,Lok Dohori,106,"Romantic,Calm",laxmigurung lok dohori 106 romantic calm
Sundar Sapana,Sita Yadav,Folk,115,"Energetic,Happy",sitayadav folk 115 energetic happy
Dilko Geet,Ramesh Limbu,Pop,80,"Sad,Melancholic",rameshlimbu pop 80 sad melancholic
Joonko Mann,Shanti Thapa,Modern,108,"Happy,Calm",shantithapa modern 108 happy calm
Pahadko Swar,Hari Sherpa,Gurung Folk,92,"Calm,Romantic",harisherpa gurung folk 92 calm romantic
Sagar Raat,Laxmi Yadav,Folk,117,"Romantic,Energetic",laxmiyadav folk 117 romantic energetic
Timro Sapana,Krishna Tamang,Pop,90,"Happy,Calm",krishnatamang pop 90 happy calm
Chhaya Raat,Sita Rai,Lok Dohori,104,"Sad,Melancholic",sitarai lok dohori 104 sad melancholic
Sapana Geet,Laxmi Gurung,Folk,88,"Calm,Romantic",laxmigurung folk 88 calm romantic
Jhilmil Raat,Shanti Chhetri,Modern,116,"Energetic,Happy",shantichhetri modern 116 energetic happy
Dherai Geet,Hari Thapa,Pop,95,"Happy,Calm",harithapa pop 95 happy calm
Ujyaalo Swar,Ramesh Sherpa,Rock,110,"Romantic,Calm",rameshsherpa rock 110 romantic calm
Basanta Sapana,Suman Gurung,Folk,108,"Sad,Melancholic",sumangurung folk 108 sad melancholic
Pahadko Geet,Laxmi Rai,Lok Dohori,84,"Happy,Calm",laxmirai lok dohori 84 happy calm
Sundar Raat,Krishna Yadav,Pop,112,"Romantic,Energetic",krishnayadav pop 112 romantic energetic
Joonko Geet,Sita Magar,Folk,90,"Calm,Romantic",sitamagar folk 90 calm romantic
Timro Raat,Hari Rai,Modern,117,"Energetic,Happy",harirai modern 117 energetic happy
Mero Geet,Laxmi Thapa,Pop,88,"Sad,Melancholic",laxmithapa pop 88 sad melancholic
Samjhana Raat,Krishna Chhetri,Rock,106,"Happy,Calm",krishnachhetri rock 106 happy calm
Tadha Swar,Suman Rai,Folk,115,"Romantic,Calm",sumanrai folk 115 romantic calm
Ujyaalo Geet,Laxmi Gurung,Lok Dohori,80,"Energetic,Happy",laxmigurung lok dohori 80 energetic happy
Sundar Geet,Sita Yadav,Folk,108,"Happy,Calm",sitayadav folk 108 happy calm
Dilko Raat,Ramesh Limbu,Pop,92,"Calm,Romantic",rameshlimbu pop 92 calm romantic
Joonko Raat,Shanti Thapa,Modern,104,"Sad,Melancholic",shantithapa modern 104 sad melancholic
Pahadko Sapana,Hari Sherpa,Gurung Folk,117,"Romantic,Energetic",harisherpa gurung folk 117 romantic energetic
Sagar Swar,Laxmi Yadav,Folk,90,"Happy,Calm",laxmiyadav folk 90 happy calm
Timro Geet,Krishna Tamang,Pop,108,"Romantic,Calm",krishnatamang pop 108 romantic calm
Chhaya Sapana,Sita Rai,Lok Dohori,95,"Energetic,Happy",sitarai lok dohori 95 energetic happy
Sapana Swar,Laxmi Gurung,Folk,112,"Happy,Calm",laxmigurung folk 112 happy calm
Jhilmil Geet,Shanti Chhetri,Modern,80,"Sad,Melancholic",shantichhetri modern 80 sad melancholic
Dherai Raat,Hari Thapa,Pop,104,"Romantic,Calm",harithapa pop 104 romantic calm
Ujyaalo Raat,Ramesh Sherpa,Rock,117,"Energetic,Happy",rameshsherpa rock 117 energetic happy
Basanta Geet,Suman Gurung,Folk,88,"Calm,Romantic",sumangurung folk 88 calm romantic
Pahadko Raat,Laxmi Rai,Lok Dohori,106,"Happy,Calm",laxmirai lok dohori 106 happy calm
Sundar Swar,Krishna Yadav,Pop,115,"Romantic,Energetic",krishnayadav pop 115 romantic energetic
Joonko Sapana,Sita Magar,Folk,90,"Sad,Melancholic",sitamagar folk 90 sad melancholic
Timro Swar,Hari Rai,Modern,108,"Happy,Calm",harirai modern 108 happy calm
Mero Sapana,Laxmi Thapa,Pop,112,"Energetic,Happy",laxmithapa pop 112 energetic happy
Samjhana Geet,Krishna Chhetri,Rock,95,"Calm,Romantic",krishnachhetri rock 95 calm romantic
Tadha Raat,Suman Rai,Folk,104,"Sad,Melancholic",sumanrai folk 104 sad melancholic
Ujyaalo Sapana,Laxmi Gurung,Lok Dohori,117,"Romantic,Energetic",laxmigurung lok dohori 117 romantic energetic
Sundar Raat,Sita Yadav,Folk,80,"Happy,Calm",sitayadav folk 80 happy calm
Dilko Geet,Ramesh Limbu,Pop,108,"Energetic,Happy",rameshlimbu pop 108 energetic happy
Joonko Swar,Shanti Thapa,Modern,106,"Sad,Melancholic",shantithapa modern 106 sad melancholic
Pahadko Geet,Hari Sherpa,Gurung Folk,115,"Calm,Romantic",harisherpa gurung folk 115 calm romantic
Sagar Sapana,Laxmi Yadav,Folk,90,"Romantic,Calm",laxmiyadav folk 90 romantic calm
Timro Raat,Krishna Tamang,Pop,112,"Happy,Calm",krishnatamang pop 112 happy calm
Chhaya Geet,Sita Rai,Lok Dohori,87,"Sad,Melancholic",sitarai lok dohori 87 sad melancholic
Sapana Raat,Laxmi Gurung,Folk,104,"Energetic,Happy",laxmigurung folk 104 energetic happy
Jhilmil Sapana,Shanti Chhetri,Modern,117,"Romantic,Calm",shantichhetri modern 117 romantic calm
Dherai Geet,Hari Thapa,Pop,88,"Happy,Calm",harithapa pop 88 happy calm
Ujyaalo Swar,Ramesh Sherpa,Rock,106,"Energetic,Happy",rameshsherpa rock 106 energetic happy
Basanta Raat,Suman Gurung,Folk,95,"Calm,Romantic",sumangurung folk 95 calm romantic
Pahadko Sapana,Laxmi Rai,Lok Dohori,110,"Sad,Melancholic",laxmirai lok dohori 110 sad melancholic
Sundar Geet,Krishna Yadav,Pop,108,"Romantic,Energetic",krishnayadav pop 108 romantic energetic
Joonko Raat,Sita Magar,Folk,112,"Happy,Calm",sitamagar folk 112 happy calm
Timro Geet,Hari Rai,Modern,80,"Sad,Melancholic",harirai modern 80 sad melancholic
Mero Raat,Laxmi Thapa,Pop,104,"Energetic,Happy",laxmithapa pop 104 energetic happy
Samjhana Sapana,Krishna Chhetri,Rock,117,"Romantic,Calm",krishnachhetri rock 117 romantic calm
Tadha Geet,Suman Rai,Folk,88,"Happy,Calm",sumanrai folk 88 happy calm
Ujyaalo Raat,Laxmi Gurung,Lok Dohori,106,"Calm,Romantic",laxmigurung lok dohori 106 calm romantic
Sundar Sapana,Sita Yadav,Folk,115,"Energetic,Happy",sitayadav folk 115 energetic happy
Dilko Raat,Ramesh Limbu,Pop,90,"Sad,Melancholic",rameshlimbu pop 90 sad melancholic
Joonko Geet,Shanti Thapa,Modern,108,"Romantic,Calm",shantithapa modern 108 romantic calm
Pahadko Raat,Hari Sherpa,Gurung Folk,112,"Happy,Calm",harisherpa gurung folk 112 happy calm
Sagar Geet,Laxmi Yadav,Folk,95,"Calm,Romantic",laxmiyadav folk 95 calm romantic
Timro Sapana,Krishna Tamang,Pop,104,"Energetic,Happy",krishnatamang pop 104 energetic happy
Chhaya Raat,Sita Rai,Lok Dohori,117,"Sad,Melancholic",sitarai lok dohori 117 sad melancholic
Sapana Geet,Laxmi Gurung,Folk,80,"Romantic,Calm",laxmigurung folk 80 romantic calm
Jhilmil Raat,Shanti Chhetri,Modern,108,"Happy,Calm",shantichhetri modern 108 happy calm
Dherai Sapana,Hari Thapa,Pop,106,"Energetic,Happy",harithapa pop 106 energetic happy
Ujyaalo Geet,Ramesh Sherpa,Rock,115,"Calm,Romantic",rameshsherpa rock 115 calm romantic
Basanta Swar,Suman Gurung,Folk,90,"Sad,Melancholic",sumangurung folk 90 sad melancholic
Pahadko Geet,Laxmi Rai,Lok Dohori,112,"Romantic,Energetic",laxmirai lok dohori 112 romantic energetic
Sundar Raat,Krishna Yadav,Pop,87,"Happy,Calm",krishnayadav pop 87 happy calm
Joonko Sapana,Sita Magar,Folk,104,"Calm,Romantic",sitamagar folk 104 calm romantic
Timro Raat,Hari Rai,Modern,117,"Energetic,Happy",harirai modern 117 energetic happy
Mero Geet,Laxmi Thapa,Pop,88,"Sad,Melancholic",laxmithapa pop 88 sad melancholic
Samjhana Raat,Krishna Chhetri,Rock,106,"Romantic,Calm",krishnachhetri rock 106 romantic calm
Tadha Geet,Suman Rai,Folk,115,"Happy,Calm",sumanrai folk 115 happy calm
Ujyaalo Sapana,Laxmi Gurung,Lok Dohori,80,"Energetic,Happy",laxmigurung lok dohori 80 energetic happy
Sundar Geet,Sita Yadav,Folk,108,"Calm,Romantic",sitayadav folk 108 calm romantic
Dilko Sapana,Ramesh Limbu,Pop,112,"Romantic,Energetic",rameshlimbu pop 112 romantic energetic
Joonko Raat,Shanti Thapa,Modern,95,"Sad,Melancholic",shantithapa modern 95 sad melancholic
Pahadko Geet,Hari Sherpa,Gurung Folk,104,"Happy,Calm",harisherpa gurung folk 104 happy calm
Sagar Raat,Laxmi Yadav,Folk,117,"Energetic,Happy",laxmiyadav folk 117 energetic happy
Timro Geet,Krishna Tamang,Pop,88,"Calm,Romantic",krishnatamang pop 88 calm romantic
Chhaya Sapana,Sita Rai,Lok Dohori,106,"Sad,Melancholic",sitarai lok dohori 106 sad melancholic
Sapana Raat,Laxmi Gurung,Folk,115,"Romantic,Calm",laxmigurung folk 115 romantic calm
Jhilmil Geet,Shanti Chhetri,Modern,90,"Happy,Calm",shantichhetri modern 90 happy calm
Dherai Raat,Hari Thapa,Pop,108,"Energetic,Happy",harithapa pop 108 energetic happy
Ujyaalo Sapana,Ramesh Sherpa,Rock,112,"Calm,Romantic",rameshsherpa rock 112 calm romantic
Basanta Geet,Suman Gurung,Folk,95,"Sad,Melancholic",sumangurung folk 95 sad melancholic
Pahadko Raat,Laxmi Rai,Lok Dohori,104,"Romantic,Energetic",laxmirai lok dohori 104 romantic energetic
Sundar Sapana,Krishna Yadav,Pop,117,"Happy,Calm",krishnayadav pop 117 happy calm
Joonko Geet,Sita Magar,Folk,88,"Calm,Romantic",sitamagar folk 88 calm romantic
Timro Raat,Hari Rai,Modern,106,"Energetic,Happy",harirai modern 106 energetic happy
Mero Sapana,Laxmi Thapa,Pop,115,"Sad,Melancholic",laxmithapa pop 115 sad melancholic
Samjhana Geet,Krishna Chhetri,Rock,80,"Romantic,Calm",krishnachhetri rock 80 romantic calm
Tadha Raat,Suman Rai,Folk,108,"Happy,Calm",sumanrai folk 108 happy calm
Ujyaalo Geet,Laxmi Gurung,Lok Dohori,112,"Energetic,Happy",laxmigurung lok dohori 112 energetic happy
Sundar Raat,Sita Yadav,Folk,95,"Calm,Romantic",sitayadav folk 95 calm romantic
Dilko Geet,Ramesh Limbu,Pop,104,"Romantic,Calm",rameshlimbu pop 104 romantic calm
Joonko Sapana,Shanti Thapa,Modern,117,"Sad,Melancholic",shantithapa modern 117 sad melancholic
Pahadko Sapana,Hari Sherpa,Gurung Folk,88,"Happy,Calm",harisherpa gurung folk 88 happy calm
Sagar Geet,Laxmi Yadav,Folk,106,"Energetic,Happy",laxmiyadav folk 106 energetic happy
Timro Raat,Krishna Tamang,Pop,115,"Calm,Romantic",krishnatamang pop 115 calm romantic
Chhaya Geet,Sita Rai,Lok Dohori,90,"Sad,Melancholic",sitarai lok dohori 90 sad melancholic
Sapana Sapana,Laxmi Gurung,Folk,108,"Romantic,Calm",laxmigurung folk 108 romantic calm
Jhilmil Raat,Shanti Chhetri,Modern,112,"Happy,Calm",shantichhetri modern 112 happy calm
Dherai Geet,Hari Thapa,Pop,95,"Energetic,Happy",harithapa pop 95 energetic happy
Ujyaalo Raat,Ramesh Sherpa,Rock,104,"Calm,Romantic",rameshsherpa rock 104 calm romantic
Basanta Sapana,Suman Gurung,Folk,117,"Sad,Melancholic",sumangurung folk 117 sad melancholic
Pahadko Geet,Laxmi Rai,Lok Dohori,88,"Romantic,Energetic",laxmirai lok dohori 88 romantic energetic
Sundar Raat,Krishna Yadav,Pop,106,"Happy,Calm",krishnayadav pop 106 happy calm
Joonko Geet,Sita Magar,Folk,115,"Calm,Romantic",sitamagar folk 115 calm romantic
Timro Sapana,Hari Rai,Modern,80,"Energetic,Happy",harirai modern 80 energetic happy
Mero Raat,Laxmi Thapa,Pop,108,"Sad,Melancholic",laxmithapa pop 108 sad melancholic
Samjhana Geet,Krishna Chhetri,Rock,112,"Romantic,Calm",krishnachhetri rock 112 romantic calm
Tadha Sapana,Suman Rai,Folk,95,"Happy,Calm",sumanrai folk 95 happy calm
Ujyaalo Raat,Laxmi Gurung,Lok Dohori,104,"Energetic,Happy",laxmigurung lok dohori 104 energetic happy
Sundar Geet,Sita Yadav,Folk,117,"Calm,Romantic",sitayadav folk 117 calm romantic
Dilko Raat,Ramesh Limbu,Pop,88,"Sad,Melancholic",rameshlimbu pop 88 sad melancholic
Joonko Geet,Shanti Thapa,Modern,106,"Romantic,Energetic",shantithapa modern 106 romantic energetic
Pahadko Raat,Hari Sherpa,Gurung Folk,112,"Happy,Calm",harisherpa gurung folk 112 happy calm
Sagar Sapana,Laxmi Yadav,Folk,95,"Romantic,Calm",laxmiyadav folk 95 romantic calm
Timro Geet,Krishna Tamang,Pop,104,"Energetic,Happy",krishnatamang pop 104 energetic happy
Chhaya Raat,Sita Rai,Lok Dohori,117,"Sad,Melancholic",sitarai lok dohori 117 sad melancholic
Sapana Geet,Laxmi Gurung,Folk,88,"Calm,Romantic",laxmigurung folk 88 calm romantic
Jhilmil Sapana,Shanti Chhetri,Modern,106,"Happy,Calm",shantichhetri modern 106 happy calm
Dherai Raat,Hari Thapa,Pop,115,"Romantic,Energetic",harithapa pop 115 romantic energetic
Ujyaalo Geet,Ramesh Sherpa,Rock,80,"Sad,Melancholic",rameshsherpa rock 80 sad melancholic
Basanta Raat,Suman Gurung,Folk,108,"Energetic,Happy",sumangurung folk 108 energetic happy
Pahadko Sapana,Laxmi Rai,Lok Dohori,112,"Calm,Romantic",laxmirai lok dohori 112 calm romantic
Sundar Geet,Krishna Yadav,Pop,95,"Happy,Calm",krishnayadav pop 95 happy calm
Joonko Raat,Sita Magar,Folk,104,"Romantic,Calm",sitamagar folk 104 romantic calm
Timro Sapana,Hari Rai,Modern,117,"Energetic,Happy",harirai modern 117 energetic happy
Mero Geet,Laxmi Thapa,Pop,88,"Sad,Melancholic",laxmithapa pop 88 sad melancholic
Samjhana Raat,Krishna Chhetri,Rock,106,"Calm,Romantic",krishnachhetri rock 106 calm romantic
Tadha Geet,Suman Rai,Folk,115,"Happy,Calm",sumanrai folk 115 happy calm
Ujyaalo Sapana,Laxmi Gurung,Lok Dohori,80,"Romantic,Energetic",laxmigurung lok dohori 80 romantic energetic
Sundar Raat,Sita Yadav,Folk,108,"Energetic,Happy",sitayadav folk 108 energetic happy
Dilko Geet,Ramesh Limbu,Pop,112,"Calm,Romantic",rameshlimbu pop 112 calm romantic
Joonko Sapana,Shanti Thapa,Modern,95,"Sad,Melancholic",shantithapa modern 95 sad melancholic
Pahadko Geet,Hari Sherpa,Gurung Folk,104,"Happy,Calm",harisherpa gurung folk 104 happy calm
Sagar Raat,Laxmi Yadav,Folk,117,"Romantic,Calm",laxmiyadav folk 117 romantic calm
Timro Raat,Krishna Tamang,Pop,88,"Energetic,Happy",krishnatamang pop 88 energetic happy
Chhaya Sapana,Sita Rai,Lok Dohori,106,"Sad,Melancholic",sitarai lok dohori 106 sad melancholic
Sapana Geet,Laxmi Gurung,Folk,115,"Calm,Romantic",laxmigurung folk 115 calm romantic
Jhilmil Raat,Shanti Chhetri,Modern,80,"Happy,Calm",shantichhetri modern 80 happy calm
Dherai Geet,Hari Thapa,Pop,108,"Romantic,Energetic",harithapa pop 108 romantic energetic
Ujyaalo Raat,Ramesh Sherpa,Rock,112,"Energetic,Happy",rameshsherpa rock 112 energetic happy
Basanta Sapana,Suman Gurung,Folk,95,"Sad,Melancholic",sumangurung folk 95 sad melancholic
Pahadko Geet,Laxmi Rai,Lok Dohori,104,"Calm,Romantic",laxmirai lok dohori 104 calm romantic
Sundar Raat,Krishna Yadav,Pop,117,"Happy,Calm",krishnayadav pop 117 happy calm
Joonko Geet,Sita Magar,Folk,88,"Romantic,Calm",sitamagar folk 88 romantic calm
Timro Raat,Hari Rai,Modern,106,"Energetic,Happy",harirai modern 106 energetic happy
Mero Sapana,Laxmi Thapa,Pop,115,"Sad,Melancholic",laxmithapa pop 115 sad melancholic
Samjhana Geet,Krishna Chhetri,Rock,80,"Calm,Romantic",krishnachhetri rock 80 calm romantic
Tadha Raat,Suman Rai,Folk,108,"Happy,Calm",sumanrai folk 108 happy calm
Ujyaalo Geet,Laxmi Gurung,Lok Dohori,112,"Romantic,Energetic",laxmigurung lok dohori 112 romantic energetic
Sundar Sapana,Sita Yadav,Folk,95,"Energetic,Happy",sitayadav folk 95 energetic happy
Dilko Raat,Ramesh Limbu,Pop,104,"Calm,Romantic",rameshlimbu pop 104 calm romantic
Joonko Geet,Shanti Thapa,Modern,117,"Sad,Melancholic",shantithapa modern 117 sad melancholic
Pahadko Raat,Hari Sherpa,Gurung Folk,88,"Happy,Calm",harisherpa gurung folk 88 happy calm
Sagar Geet,Laxmi Yadav,Folk,106,"Romantic,Calm",laxmiyadav folk 106 romantic calm
Timro Sapana,Krishna Tamang,Pop,115,"Energetic,Happy",krishnatamang pop 115 energetic happy
Chhaya Geet,Sita Rai,Lok Dohori,80,"Sad,Melancholic",sitarai lok dohori 80 sad melancholic
Sapana Raat,Laxmi Gurung,Folk,108,"Calm,Romantic",laxmigurung folk 108 calm romantic
Jhilmil Geet,Shanti Chhetri,Modern,112,"Happy,Calm",shantichhetri modern 112 happy calm
Dherai Sapana,Hari Thapa,Pop,95,"Romantic,Energetic",harithapa pop 95 romantic energetic
Ujyaalo Raat,Ramesh Sherpa,Rock,104,"Energetic,Happy",rameshsherpa rock 104 energetic happy
Basanta Geet,Suman Gurung,Folk,117,"Sad,Melancholic",sumangurung folk 117 sad melancholic
Pahadko Raat,Laxmi Rai,Lok Dohori,88,"Calm,Romantic",laxmirai lok dohori 88 calm romantic
Sundar Sapana,Krishna Yadav,Pop,106,"Happy,Calm",krishnayadav pop 106 happy calm
Joonko Raat,Sita Magar,Folk,115,"Romantic,Calm",sitamagar folk 115 romantic calm
Timro Geet,Hari Rai,Modern,80,"Energetic,Happy",harirai modern 80 energetic happy
Mero Raat,Laxmi Thapa,Pop,108,"Sad,Melancholic",laxmithapa pop 108 sad melancholic
Samjhana Sapana,Krishna Chhetri,Rock,112,"Calm,Romantic",krishnachhetri rock 112 calm romantic
Tadha Geet,Suman Rai,Folk,95,"Happy,Calm",sumanrai folk 95 happy calm
Ujyaalo Raat,Laxmi Gurung,Lok Dohori,104,"Romantic,Energetic",laxmigurung lok dohori 104 romantic energetic
Sundar Geet,Sita Yadav,Folk,117,"Energetic,Happy",sitayadav folk 117 energetic happy
Dilko Sapana,Ramesh Limbu,Pop,88,"Sad,Melancholic",rameshlimbu pop 88 sad melancholic
Joonko Raat,Shanti Thapa,Modern,106,"Calm,Romantic",shantithapa modern 106 calm romantic
Pahadko Geet,Hari Sherpa,Gurung Folk,115,"Happy,Calm",harisherpa gurung folk 115 happy calm
Sagar Raat,Laxmi Yadav,Folk,80,"Romantic,Calm",laxmiyadav folk 80 romantic calm
Timro Geet,Krishna Tamang,Pop,108,"Energetic,Happy",krishnatamang pop 108 energetic happy
Chhaya Raat,Sita Rai,Lok Dohori,112,"Sad,Melancholic",sitarai lok dohori 112 sad melancholic
Sapana Sapana,Laxmi Gurung,Folk,95,"Calm,Romantic",laxmigurung folk 95 calm romantic
Jhilmil Geet,Shanti Chhetri,Modern,104,"Happy,Calm",shantichhetri modern 104 happy calm
Dherai Raat,Hari Thapa,Pop,117,"Romantic,Energetic",harithapa pop 117 romantic energetic
Ujyaalo Sapana,Ramesh Sherpa,Rock,88,"Energetic,Happy",rameshsherpa rock 88 energetic happy
Basanta Raat,Suman Gurung,Folk,106,"Sad,Melancholic",sumangurung folk 106 sad melancholic
Pahadko Sapana,Laxmi Rai,Lok Dohori,115,"Calm,Romantic",laxmirai lok dohori 115 calm romantic
Sundar Geet,Krishna Yadav,Pop,80,"Happy,Calm",krishnayadav pop 80 happy calm
Joonko Sapana,Sita Magar,Folk,108,"Romantic,Calm",sitamagar folk 108 romantic calm
Timro Raat,Hari Rai,Modern,112,"Energetic,Happy",harirai modern 112 energetic happy
Mero Geet,Laxmi Thapa,Pop,95,"Sad,Melancholic",laxmithapa pop 95 sad melancholic
Samjhana Raat,Krishna Chhetri,Rock,104,"Calm,Romantic",krishnachhetri rock 104 calm romantic
Tadha Sapana,Suman Rai,Folk,117,"Happy,Calm",sumanrai folk 117 happy calm
Ujyaalo Geet,Laxmi Gurung,Lok Dohori,88,"Romantic,Energetic",laxmigurung lok dohori 88 romantic energetic
Sundar Raat,Sita Yadav,Folk,106,"Energetic,Happy",sitayadav folk 106 energetic happy
Dilko Geet,Ramesh Limbu,Pop,115,"Calm,Romantic",rameshlimbu pop 115 calm romantic
Joonko Raat,Shanti Thapa,Modern,80,"Sad,Melancholic",shantithapa modern 80 sad melancholic
Pahadko Geet,Hari Sherpa,Gurung Folk,108,"Happy,Calm",harisherpa gurung folk 108 happy calm
Sagar Sapana,Laxmi Yadav,Folk,112,"Romantic,Calm",laxmiyadav folk 112 romantic calm
Timro Raat,Krishna Tamang,Pop,95,"Energetic,Happy",krishnatamang pop 95 energetic happy
Chhaya Geet,Sita Rai,Lok Dohori,104,"Sad,Melancholic",sitarai lok dohori 104 sad melancholic
Sapana Raat,Laxmi Gurung,Folk,117,"Calm,Romantic",laxmigurung folk 117 calm romantic
Jhilmil Sapana,Shanti Chhetri,Modern,88,"Happy,Calm",shantichhetri modern 88 happy calm
Dherai Geet,Hari Thapa,Pop,106,"Romantic,Energetic",harithapa pop 106 romantic energetic
Ujyaalo Raat,Ramesh Sherpa,Rock,115,"Energetic,Happy",rameshsherpa rock 115 energetic happy
Basanta Sapana,Suman Gurung,Folk,80,"Sad,Melancholic",sumangurung folk 80 sad melancholic
Pahadko Geet,Laxmi Rai,Lok Dohori,108,"Calm,Romantic",laxmirai lok dohori 108 calm romantic
Sundar Raat,Krishna Yadav,Pop,112,"Happy,Calm",krishnayadav pop 112 happy calm
Joonko Geet,Sita Magar,Folk,95,"Romantic,Calm",sitamagar folk 95 romantic calm
Timro Sapana,Hari Rai,Modern,104,"Energetic,Happy",harirai modern 104 energetic happy
Mero Raat,Laxmi Thapa,Pop,117,"Sad,Melancholic",laxmithapa pop 117 sad melancholic
Samjhana Geet,Krishna Chhetri,Rock,88,"Calm,Romantic",krishnachhetri rock 88 calm romantic
Tadha Raat,Suman Rai,Folk,106,"Happy,Calm",sumanrai folk 106 happy calm
Ujyaalo Sapana,Laxmi Gurung,Lok Dohori,115,"Romantic,Energetic",laxmigurung lok dohori 115 romantic energetic
Sundar Geet,Sita Yadav,Folk,80,"Energetic,Happy",sitayadav folk 80 energetic happy
Dilko Raat,Ramesh Limbu,Pop,108,"Calm,Romantic",rameshlimbu pop 108 calm romantic
Joonko Sapana,Shanti Thapa,Modern,112,"Sad,Melancholic",shantithapa modern 112 sad melancholic
Pahadko Raat,Hari Sherpa,Gurung Folk,95,"Happy,Calm",harisherpa gurung folk 95 happy calm
Sagar Geet,Laxmi Yadav,Folk,104,"Romantic,Calm",laxmiyadav folk 104 romantic calm
Timro Raat,Krishna Tamang,Pop,117,"Energetic,Happy",krishnatamang pop 117 energetic happy
Chhaya Sapana,Sita Rai,Lok Dohori,88,"Sad,Melancholic",sitarai lok dohori 88 sad melancholic
Sapana Geet,Laxmi Gurung,Folk,106,"Calm,Romantic",laxmigurung folk 106 calm romantic
Jhilmil Raat,Shanti Chhetri,Modern,115,"Happy,Calm",shantichhetri modern 115 happy calm
Dherai Sapana,Hari Thapa,Pop,80,"Romantic,Energetic",harithapa pop 80 romantic energetic
Ujyaalo Geet,Ramesh Sherpa,Rock,108,"Energetic,Happy",rameshsherpa rock 108 energetic happy
Basanta Raat,Suman Gurung,Folk,112,"Sad,Melancholic",sumangurung folk 112 sad melancholic
Pahadko Geet,Laxmi Rai,Lok Dohori,95,"Calm,Romantic",laxmirai lok dohori 95 calm romantic
Sundar Raat,Krishna Yadav,Pop,104,"Happy,Calm",krishnayadav pop 104 happy calm
Joonko Geet,Sita Magar,Folk,117,"Romantic,Calm",sitamagar folk 117 romantic calm
Timro Sapana,Hari Rai,Modern,88,"Energetic,Happy",harirai modern 88 energetic happy
Mero Geet,Laxmi Thapa,Pop,106,"Sad,Melancholic",laxmithapa pop 106 sad melancholic
Samjhana Raat,Krishna Chhetri,Rock,115,"Calm,Romantic",krishnachhetri rock 115 calm romantic
Tadha Sapana,Suman Rai,Folk,80,"Happy,Calm",sumanrai folk 80 happy calm
Ujyaalo Raat,Laxmi Gurung,Lok Dohori,108,"Romantic,Energetic",laxmigurung lok dohori 108 romantic energetic
Sundar Geet,Sita Yadav,Folk,112,"Energetic,Happy",sitayadav folk 112 energetic happy
Dilko Sapana,Ramesh Limbu,Pop,95,"Calm,Romantic",rameshlimbu pop 95 calm romantic
Joonko Raat,Shanti Thapa,Modern,104,"Sad,Melancholic",shantithapa modern 104 sad melancholic
Pahadko Sapana,Hari Sherpa,Gurung Folk,117,"Happy,Calm",harisherpa gurung folk 117 happy calm
Sagar Raat,Laxmi Yadav,Folk,88,"Romantic,Calm",laxmiyadav folk 88 romantic calm
Timro Geet,Krishna Tamang,Pop,106,"Energetic,Happy",krishnatamang pop 106 energetic happy
Chhaya Geet,Sita Rai,Lok Dohori,115,"Sad,Melancholic",sitarai lok dohori 115 sad melancholic
Sapana Raat,Laxmi Gurung,Folk,80,"Calm,Romantic",laxmigurung folk 80 calm romantic
Jhilmil Sapana,Shanti Chhetri,Modern,108,"Happy,Calm",shantichhetri modern 108 happy calm
Dherai Geet,Hari Thapa,Pop,112,"Romantic,Energetic",harithapa pop 112 romantic energetic
Ujyaalo Sapana,Ramesh Sherpa,Rock,95,"Energetic,Happy",rameshsherpa rock 95 energetic happy
Basanta Geet,Suman Gurung,Folk,104,"Sad,Melancholic",sumangurung folk 104 sad melancholic
Pahadko Raat,Laxmi Rai,Lok Dohori,117,"Calm,Romantic",laxmirai lok dohori 117 calm romantic
Sundar Sapana,Krishna Yadav,Pop,88,"Happy,Calm",krishnayadav pop 88 happy calm
Joonko Raat,Sita Magar,Folk,106,"Romantic,Calm",sitamagar folk 106 romantic calm
Timro Raat,Hari Rai,Modern,115,"Energetic,Happy",harirai modern 115 energetic happy
Mero Sapana,Laxmi Thapa,Pop,80,"Sad,Melancholic",laxmithapa pop 80 sad melancholic
Samjhana Geet,Krishna Chhetri,Rock,108,"Calm,Romantic",krishnachhetri rock 108 calm romantic
Tadha Raat,Suman Rai,Folk,112,"Happy,Calm",sumanrai folk 112 happy calm
Ujyaalo Geet,Laxmi Gurung,Lok Dohori,95,"Romantic,Energetic",laxmigurung lok dohori 95 romantic energetic
Sundar Raat,Sita Yadav,Folk,104,"Energetic,Happy",sitayadav folk 104 energetic happy
Dilko Geet,Ramesh Limbu,Pop,117,"Calm,Romantic",rameshlimbu pop 117 calm romantic
Joonko Sapana,Shanti Thapa,Modern,88,"Sad,Melancholic",shantithapa modern 88 sad melancholic
Pahadko Geet,Hari Sherpa,Gurung Folk,106,"Happy,Calm",harisherpa gurung folk 106 happy calm
Sagar Sapana,Laxmi Yadav,Folk,115,"Romantic,Calm",laxmiyadav folk 115 romantic calm
Timro Raat,Krishna Tamang,Pop,80,"Energetic,Happy",krishnatamang pop 80 energetic happy
Chhaya Geet,Sita Rai,Lok Dohori,108,"Sad,Melancholic",sitarai lok dohori 108 sad melancholic
Sapana Sapana,Laxmi Gurung,Folk,112,"Calm,Romantic",laxmigurung folk 112 calm romantic
Jhilmil Geet,Shanti Chhetri,Modern,95,"Happy,Calm",shantichhetri modern 95 happy calm
Dherai Raat,Hari Thapa,Pop,104,"Romantic,Energetic",harithapa pop 104 romantic energetic
Ujyaalo Raat,Ramesh Sherpa,Rock,117,"Energetic,Happy",rameshsherpa rock 117 energetic happy
Basanta Sapana,Suman Gurung,Folk,88,"Sad,Melancholic",sumangurung folk 88 sad melancholic
Pahadko Geet,Laxmi Rai,Lok Dohori,106,"Calm,Romantic",laxmirai lok dohori 106 calm romantic
Sundar Raat,Krishna Yadav,Pop,115,"Happy,Calm",krishnayadav pop 115 happy calm
Joonko Sapana,Sita Magar,Folk,80,"Romantic,Calm",sitamagar folk 80 romantic calm
Timro Geet,Hari Rai,Modern,108,"Energetic,Happy",harirai modern 108 energetic happy
Mero Raat,Laxmi Thapa,Pop,112,"Sad,Melancholic",laxmithapa pop 112 sad melancholic
Samjhana Sapana,Krishna Chhetri,Rock,95,"Calm,Romantic",krishnachhetri rock 95 calm romantic
Tadha Geet,Suman Rai,Folk,104,"Happy,Calm",sumanrai folk 104 happy calm
Ujyaalo Raat,Laxmi Gurung,Lok Dohori,117,"Romantic,Energetic",laxmigurung lok dohori 117 romantic energetic
Sundar Geet,Sita Yadav,Folk,88,"Energetic,Happy",sitayadav folk 88 energetic happy
